station_id,datapoint_id,alarm_id,event_time,value,valueThreshold,isActive,storedtime
1161115022,121,308,2017-02-18 19:01:02 UTC,241,240,true,
1161115022,121,308,2017-02-18 19:00:51 UTC,240,240,false,
1161115022,121,308,2017-02-18 18:58:11 UTC,241,240,true,
1161115022,121,308,2017-02-18 19:19:50 UTC,240,240,false,
1161115022,121,308,2017-02-18 19:01:04 UTC,241,240,true,
1161115022,121,308,2017-02-18 19:01:07 UTC,240,240,false,
1161115022,121,308,2017-02-18 19:01:05 UTC,240,240,false,
1161115022,121,308,2017-02-18 19:01:08 UTC,241,240,true,
1161115022,121,308,2017-02-18 19:01:05 UTC,241,240,true,
1161115022,121,308,2017-02-18 19:01:03 UTC,240,240,false,
1161115022,121,308,2017-02-18 18:57:49 UTC,240,240,false,
1161115022,121,308,2017-02-18 19:49:55 UTC,241,240,true,
1161115022,121,308,2017-02-18 19:57:01 UTC,241,240,true,
1161115022,121,308,2017-02-18 19:53:02 UTC,240,240,false,
1161115022,121,308,2017-02-18 20:19:10 UTC,240,240,false,
1161115022,121,308,2017-02-18 20:13:33 UTC,241,240,true,
1161115022,121,308,2017-02-18 20:09:40 UTC,240,240,false,
1161115022,121,308,2017-02-18 20:09:42 UTC,241,240,true,
1161115022,121,308,2017-02-18 19:20:29 UTC,241,240,true,
1161115022,121,308,2017-02-18 19:50:19 UTC,240,240,false,
1161115022,121,308,2017-02-18 19:47:33 UTC,241,240,true,
1161115022,121,308,2017-02-18 20:06:48 UTC,240,240,false,
1161115022,121,308,2017-02-18 20:19:34 UTC,241,240,true,
1161115022,121,308,2017-02-18 20:14:30 UTC,241,240,true,
1161115022,121,308,2017-02-18 19:40:44 UTC,241,240,true,
1161115022,121,308,2017-02-18 19:40:14 UTC,240,240,false,
1161115022,121,308,2017-02-18 19:52:42 UTC,241,240,true,
1161115022,121,308,2017-02-18 19:47:06 UTC,241,240,true,
1161115022,121,308,2017-02-18 19:56:24 UTC,240,240,false,
1161115022,121,308,2017-02-18 19:55:05 UTC,241,240,true,
1161115022,121,308,2017-02-18 20:14:26 UTC,240,240,false,
1161115022,121,308,2017-02-18 20:19:36 UTC,240,240,false,
1161115022,121,308,2017-02-18 19:54:16 UTC,240,240,false,
1161115022,121,308,2017-02-18 20:19:42 UTC,241,240,true,
1161115022,121,308,2017-02-18 20:12:03 UTC,240,240,false,
1161115022,121,308,2017-02-18 19:52:59 UTC,241,240,true,
1161115022,121,308,2017-02-18 20:13:34 UTC,240,240,false,
1161115022,121,308,2017-02-18 20:14:06 UTC,241,240,true,
1161115022,121,308,2017-02-18 19:47:23 UTC,240,240,false,
1161115022,121,308,2017-02-18 19:49:59 UTC,240,240,false,
1161115022,121,308,2017-02-18 20:13:42 UTC,241,240,true,
1161115022,121,308,2017-02-18 19:50:01 UTC,241,240,true,
1161115022,121,308,2017-02-18 19:46:57 UTC,240,240,false,
1161115022,121,308,2017-02-18 20:05:30 UTC,240,240,false,
1161115022,121,308,2017-02-18 19:52:43 UTC,240,240,false,
1161115022,121,308,2017-02-18 20:07:14 UTC,241,240,true,
1161115022,121,308,2017-02-18 20:12:11 UTC,241,240,true,
1161115022,121,308,2017-02-18 19:48:56 UTC,240,240,false,
1161115022,121,308,2017-02-18 20:05:34 UTC,241,240,true,
1161115022,121,308,2017-02-18 20:07:11 UTC,240,240,false,
1161115022,121,308,2017-02-18 19:57:05 UTC,240,240,false,
1161115022,121,308,2017-02-18 20:13:30 UTC,240,240,false,
1161115022,121,308,2017-02-18 20:21:15 UTC,240,240,false,
1161115022,121,308,2017-02-18 20:01:35 UTC,241,240,true,
1161115022,121,308,2017-02-18 20:07:07 UTC,241,240,true,
1161115022,121,308,2017-02-18 20:14:06 UTC,240,240,false,
1161115022,121,308,2017-02-18 19:52:44 UTC,241,240,true,
1161115022,121,308,2017-02-18 19:57:37 UTC,241,240,true,
1161115022,121,308,2017-02-18 19:52:54 UTC,240,240,false,
1161115022,121,308,2017-02-18 20:01:33 UTC,240,240,false,
1161115022,121,308,2017-02-18 19:53:03 UTC,241,240,true,
1161115022,121,308,2017-02-18 20:51:59 UTC,241,240,true,
1161115022,121,308,2017-02-18 21:16:28 UTC,241,240,true,
1161115022,121,308,2017-02-18 20:47:38 UTC,240,240,false,
1161115022,121,308,2017-02-18 20:45:49 UTC,240,240,false,
1161115022,121,308,2017-02-18 21:00:27 UTC,240,240,false,
1161115022,121,308,2017-02-18 20:59:51 UTC,240,240,false,
1161115022,121,308,2017-02-18 21:10:10 UTC,240,240,false,
1161115022,121,308,2017-02-18 20:47:34 UTC,241,240,true,
1161115022,121,308,2017-02-18 20:53:31 UTC,241,240,true,
1161115022,121,308,2017-02-18 21:10:10 UTC,241,240,true,
1161115022,121,308,2017-02-18 21:22:15 UTC,241,240,true,
1161115022,121,308,2017-02-18 21:10:30 UTC,241,240,true,
1161115022,121,308,2017-02-18 20:53:27 UTC,240,240,false,
1161115022,121,308,2017-02-18 20:36:46 UTC,240,240,false,
1161115022,121,308,2017-02-18 20:21:42 UTC,240,240,false,
1161115022,121,308,2017-02-18 20:29:01 UTC,240,240,false,
1161115022,121,308,2017-02-18 20:53:25 UTC,241,240,true,
1161115022,121,308,2017-02-18 20:52:27 UTC,240,240,false,
1161115022,121,308,2017-02-18 20:39:14 UTC,241,240,true,
1161115022,121,308,2017-02-18 20:28:57 UTC,240,240,false,
1161115022,121,308,2017-02-18 20:27:04 UTC,240,240,false,
1161115022,121,308,2017-02-18 20:21:51 UTC,241,240,true,
1161115022,121,308,2017-02-18 20:45:44 UTC,240,240,false,
1161115022,121,308,2017-02-18 21:21:36 UTC,240,240,false,
1161115022,121,308,2017-02-18 20:23:10 UTC,241,240,true,
1161115022,121,308,2017-02-18 20:52:00 UTC,240,240,false,
1161115022,121,308,2017-02-18 21:21:45 UTC,241,240,true,
1161115022,121,308,2017-02-18 20:29:05 UTC,240,240,false,
1161115022,121,308,2017-02-18 20:53:19 UTC,240,240,false,
1161115022,121,308,2017-02-18 20:36:43 UTC,241,240,true,
1161115022,121,308,2017-02-18 21:02:13 UTC,241,240,true,
1161115022,121,308,2017-02-18 20:45:47 UTC,241,240,true,
1161115022,121,308,2017-02-18 20:22:28 UTC,240,240,false,
1161115022,121,308,2017-02-18 20:39:05 UTC,240,240,false,
1161115022,121,308,2017-02-18 20:22:56 UTC,240,240,false,
1161115022,121,308,2017-02-18 21:00:28 UTC,241,240,true,
1161115022,121,308,2017-02-18 20:43:53 UTC,240,240,false,
1161115022,121,308,2017-02-18 20:52:01 UTC,240,240,false,
1161115022,121,308,2017-02-18 21:10:11 UTC,240,240,false,
1161115022,121,308,2017-02-18 21:10:39 UTC,241,240,true,
1161115022,121,308,2017-02-18 20:47:35 UTC,240,240,false,
1161115022,121,308,2017-02-18 21:00:31 UTC,240,240,false,
1161115022,121,308,2017-02-18 20:33:57 UTC,241,240,true,
1161115022,121,308,2017-02-18 20:28:58 UTC,241,240,true,
1161115022,121,308,2017-02-18 20:45:13 UTC,241,240,true,
1161115022,121,308,2017-02-18 20:52:01 UTC,241,240,true,
1161115022,121,308,2017-02-18 20:51:51 UTC,240,240,false,
1161115022,121,308,2017-02-18 20:52:29 UTC,241,240,true,
1161115022,121,308,2017-02-18 21:21:49 UTC,240,240,false,
1161115022,121,308,2017-02-18 21:22:14 UTC,240,240,false,
1161115022,121,308,2017-02-18 20:52:03 UTC,241,240,true,
1161115022,121,308,2017-02-18 20:31:28 UTC,241,240,true,
1161115022,121,308,2017-02-18 20:53:33 UTC,240,240,false,
1161115022,121,308,2017-02-18 20:36:39 UTC,241,240,true,
1161115022,121,308,2017-02-18 20:45:48 UTC,241,240,true,
1161115022,121,308,2017-02-18 20:39:42 UTC,241,240,true,
1161115022,121,308,2017-02-18 20:33:40 UTC,241,240,true,
1161115022,121,308,2017-02-18 20:47:38 UTC,241,240,true,
1161115022,121,308,2017-02-18 21:04:28 UTC,241,240,true,
1161115022,121,308,2017-02-18 20:21:34 UTC,241,240,true,
1161115022,121,308,2017-02-18 20:28:55 UTC,241,240,true,
1161115022,121,308,2017-02-18 20:36:36 UTC,240,240,false,
1161115022,121,308,2017-02-18 21:00:04 UTC,241,240,true,
1161115022,121,308,2017-02-18 20:47:39 UTC,241,240,true,
1161115022,121,308,2017-02-18 20:33:47 UTC,240,240,false,
1161115022,121,308,2017-02-18 21:21:58 UTC,241,240,true,
1161115022,121,308,2017-02-18 20:36:08 UTC,241,240,true,
1161115022,121,308,2017-02-18 20:32:08 UTC,240,240,false,
1161115022,121,308,2017-02-18 21:17:34 UTC,240,240,false,
1161115022,121,308,2017-02-18 21:16:59 UTC,241,240,true,
1161115022,121,308,2017-02-18 20:22:35 UTC,241,240,true,
1161115022,121,308,2017-02-18 21:10:02 UTC,241,240,true,
1161115022,121,308,2017-02-18 21:02:10 UTC,240,240,false,
1161115022,121,308,2017-02-18 20:36:42 UTC,240,240,false,
1161115022,121,308,2017-02-18 21:09:56 UTC,240,240,false,
1161115022,121,308,2017-02-18 21:16:25 UTC,240,240,false,
1161115022,121,308,2017-02-18 20:45:48 UTC,240,240,false,
1161115022,121,308,2017-02-18 21:17:46 UTC,240,240,false,
1161115022,121,308,2017-02-18 20:39:13 UTC,240,240,false,
1161115022,121,308,2017-02-18 21:16:55 UTC,240,240,false,
1161115022,121,308,2017-02-18 21:16:56 UTC,241,240,true,
1161115022,121,308,2017-02-18 21:16:56 UTC,240,240,false,
1161115022,121,308,2017-02-18 21:21:23 UTC,240,240,false,
1161115022,121,308,2017-02-18 20:36:12 UTC,240,240,false,
1161115022,121,308,2017-02-18 21:21:29 UTC,241,240,true,
1161115022,121,308,2017-02-18 20:35:52 UTC,240,240,false,
1161115022,121,308,2017-02-18 20:36:33 UTC,241,240,true,
1161115022,121,308,2017-02-18 21:17:37 UTC,241,240,true,
1161115022,121,308,2017-02-18 20:38:13 UTC,241,240,true,
1161115022,121,308,2017-02-18 21:01:31 UTC,241,240,true,
1161115022,121,308,2017-02-18 20:29:02 UTC,241,240,true,
1161115022,121,308,2017-02-18 20:39:12 UTC,241,240,true,
1161115022,121,308,2017-02-18 21:04:22 UTC,240,240,false,
1161115022,121,308,2017-02-18 20:54:15 UTC,241,240,true,
1161115022,121,308,2017-02-18 21:10:38 UTC,240,240,false,
1161115022,121,308,2017-02-18 21:22:16 UTC,240,240,false,
1161115022,121,308,2017-02-18 21:18:06 UTC,241,240,true,
1161115022,121,308,2017-02-18 20:39:25 UTC,240,240,false,
1161115022,121,308,2017-02-18 21:36:53 UTC,240,240,false,
1161115022,121,308,2017-02-18 21:27:51 UTC,240,240,false,
1161115022,121,308,2017-02-18 21:43:36 UTC,240,240,false,
1161115022,121,308,2017-02-18 21:33:53 UTC,241,240,true,
1161115022,121,308,2017-02-18 21:35:52 UTC,241,240,true,
1161115022,121,308,2017-02-18 21:35:28 UTC,241,240,true,
1161115022,121,308,2017-02-18 21:25:56 UTC,241,240,true,
1161115022,121,308,2017-02-18 21:43:37 UTC,241,240,true,
1161115022,121,308,2017-02-18 21:31:18 UTC,240,240,false,
1161115022,121,308,2017-02-18 21:52:15 UTC,240,240,false,
1161115022,121,308,2017-02-18 21:43:39 UTC,240,240,false,
1161115022,121,308,2017-02-18 21:30:08 UTC,240,240,false,
1161115022,121,308,2017-02-18 21:43:21 UTC,241,240,true,
1161115022,121,308,2017-02-18 21:43:20 UTC,240,240,false,
1161115022,121,308,2017-02-18 21:44:17 UTC,241,240,true,
1161115022,121,308,2017-02-18 21:42:04 UTC,240,240,false,
1161115022,121,308,2017-02-18 21:43:26 UTC,241,240,true,
1161115022,121,308,2017-02-18 21:35:32 UTC,241,240,true,
1161115022,121,308,2017-02-18 21:29:21 UTC,240,240,false,
1161115022,121,308,2017-02-18 21:43:16 UTC,240,240,false,
1161115022,121,308,2017-02-18 21:36:26 UTC,240,240,false,
1161115022,121,308,2017-02-18 21:43:17 UTC,241,240,true,
1161115022,121,308,2017-02-18 21:28:25 UTC,241,240,true,
1161115022,121,308,2017-02-18 21:34:12 UTC,240,240,false,
1161115022,121,308,2017-02-18 21:43:29 UTC,241,240,true,
1161115022,121,308,2017-02-18 21:33:04 UTC,240,240,false,
1161115022,121,308,2017-02-18 21:43:27 UTC,240,240,false,
1161115022,121,308,2017-02-18 21:36:27 UTC,241,240,true,
1161115022,121,308,2017-02-18 21:35:29 UTC,240,240,false,
1161115022,121,308,2017-02-18 21:36:35 UTC,240,240,false,
1161115022,121,308,2017-02-18 21:36:26 UTC,241,240,true,
1161115022,121,308,2017-02-18 21:31:18 UTC,241,240,true,
1161115022,121,308,2017-02-18 21:36:24 UTC,240,240,false,
1161115022,121,308,2017-02-18 21:41:13 UTC,241,240,true,
1161115022,121,308,2017-02-18 21:30:04 UTC,241,240,true,
1161115022,121,308,2017-02-18 21:36:54 UTC,241,240,true,
1161115022,121,308,2017-02-18 21:32:37 UTC,241,240,true,
1161115022,121,308,2017-02-18 21:43:40 UTC,241,240,true,
1161115022,121,308,2017-02-18 21:43:14 UTC,241,240,true,
1161115022,121,308,2017-02-18 21:29:59 UTC,240,240,false,
1161115022,121,308,2017-02-18 21:52:14 UTC,241,240,true,
1161115022,121,308,2017-02-18 21:35:25 UTC,241,240,true,
1161115022,121,308,2017-02-18 21:44:18 UTC,240,240,false,
1161115022,121,308,2017-02-18 21:36:23 UTC,241,240,true,
1161115022,121,308,2017-02-18 21:29:26 UTC,241,240,true,
1161115022,121,308,2017-02-18 21:35:26 UTC,240,240,false,
1161115022,121,308,2017-02-18 21:43:23 UTC,240,240,false,
1161115022,121,308,2017-02-18 21:36:16 UTC,240,240,false,
1161115022,121,308,2017-02-18 21:36:56 UTC,240,240,false,
1161115022,121,308,2017-02-18 21:43:35 UTC,241,240,true,
1161115022,121,308,2017-02-18 21:36:29 UTC,241,240,true,
1161115022,121,308,2017-02-18 21:43:34 UTC,240,240,false,
1161115022,121,308,2017-02-18 21:44:14 UTC,240,240,false,
1161115022,121,308,2017-02-18 21:35:33 UTC,240,240,false,
1161115022,121,308,2017-02-18 21:36:52 UTC,241,240,true,
1161115022,121,308,2017-02-18 21:36:28 UTC,240,240,false,
1161115022,121,308,2017-02-19 04:45:51 UTC,240,240,false,
1161115022,121,308,2017-02-19 04:45:21 UTC,241,240,true,
1161115022,121,308,2017-02-19 14:40:31 UTC,240,240,false,
1161115022,121,308,2017-02-19 14:26:53 UTC,241,240,true,
1161115022,121,308,2017-02-19 14:26:50 UTC,241,240,true,
1161115022,121,308,2017-02-19 14:27:38 UTC,241,240,true,
1161115022,121,308,2017-02-19 14:23:28 UTC,240,240,false,
1161115022,121,308,2017-02-19 14:26:51 UTC,240,240,false,
1161115022,121,308,2017-02-19 14:27:41 UTC,240,240,false,
1161115022,121,308,2017-02-19 14:27:39 UTC,240,240,false,
1161115022,121,308,2017-02-19 14:27:50 UTC,241,240,true,
1161115022,121,308,2017-02-19 14:28:34 UTC,240,240,false,
1161115022,121,308,2017-02-19 14:27:41 UTC,241,240,true,
1161115022,121,308,2017-02-19 14:27:52 UTC,240,240,false,
1161115022,121,308,2017-02-19 14:40:40 UTC,241,240,true,
1161115022,121,308,2017-02-19 14:27:00 UTC,240,240,false,
1161115022,121,308,2017-02-19 14:22:59 UTC,241,240,true,
1161115022,121,308,2017-02-19 14:28:05 UTC,241,240,true,
1161115022,121,308,2017-02-19 14:28:15 UTC,240,240,false,
1161115022,121,308,2017-02-19 14:28:33 UTC,241,240,true,
1161115022,121,308,2017-02-19 14:28:35 UTC,241,240,true,
1161115022,121,308,2017-02-19 14:27:28 UTC,240,240,false,
1161115022,121,308,2017-02-19 14:27:01 UTC,241,240,true,
1161115022,121,308,2017-02-19 14:51:48 UTC,241,240,true,
1161115022,121,308,2017-02-19 14:53:59 UTC,240,240,false,
1161115022,121,308,2017-02-19 14:54:01 UTC,240,240,false,
1161115022,121,308,2017-02-19 14:53:32 UTC,241,240,true,
1161115022,121,308,2017-02-19 14:54:04 UTC,241,240,true,
1161115022,121,308,2017-02-19 14:54:36 UTC,241,240,true,
1161115022,121,308,2017-02-19 14:54:16 UTC,241,240,true,
1161115022,121,308,2017-02-19 14:53:32 UTC,240,240,false,
1161115022,121,308,2017-02-19 14:53:34 UTC,240,240,false,
1161115022,121,308,2017-02-19 14:51:27 UTC,241,240,true,
1161115022,121,308,2017-02-19 14:54:37 UTC,240,240,false,
1161115022,121,308,2017-02-19 14:54:00 UTC,241,240,true,
1161115022,121,308,2017-02-19 14:54:10 UTC,240,240,false,
1161115022,121,308,2017-02-19 14:53:56 UTC,241,240,true,
1161115022,121,308,2017-02-19 14:47:11 UTC,240,240,false,
1161115022,121,308,2017-02-19 14:51:29 UTC,240,240,false,
1161115022,121,308,2017-02-19 14:54:35 UTC,240,240,false,
1161115022,121,308,2017-02-19 14:54:38 UTC,241,240,true,
1161115022,121,308,2017-02-19 14:57:21 UTC,240,240,false,
1161115022,121,308,2017-02-19 16:26:48 UTC,240,240,false,
1161115022,121,308,2017-02-19 16:27:03 UTC,241,240,true,
1161115022,121,308,2017-02-19 16:26:52 UTC,241,240,true,
1161115022,121,308,2017-02-19 16:26:42 UTC,241,240,true,
1161115022,121,308,2017-02-19 16:24:44 UTC,241,240,true,
1161115022,121,308,2017-02-19 16:26:47 UTC,241,240,true,
1161115022,121,308,2017-02-19 16:25:07 UTC,240,240,false,
1161115022,121,308,2017-02-19 16:27:01 UTC,240,240,false,
1161115022,121,308,2017-02-19 16:27:13 UTC,240,240,false,
1161115022,121,308,2017-02-19 16:26:45 UTC,240,240,false,
1161115022,121,308,2017-02-19 18:49:18 UTC,241,240,true,
1161115022,121,308,2017-02-19 18:48:12 UTC,241,240,true,
1161115022,121,308,2017-02-19 18:18:26 UTC,241,240,true,
1161115022,121,308,2017-02-19 18:49:10 UTC,240,240,false,
1161115022,121,308,2017-02-19 18:19:04 UTC,240,240,false,
1161115022,121,308,2017-02-19 18:49:19 UTC,240,240,false,
1161115022,121,308,2017-02-19 18:19:14 UTC,241,240,true,
1161115022,121,308,2017-02-19 18:48:24 UTC,240,240,false,
1161115022,121,308,2017-02-19 18:49:20 UTC,241,240,true,
1161115022,121,308,2017-02-19 18:18:02 UTC,241,240,true,
1161115022,121,308,2017-02-19 18:19:15 UTC,240,240,false,
1161115022,121,308,2017-02-19 18:48:28 UTC,241,240,true,
1161115022,121,308,2017-02-19 18:18:02 UTC,240,240,false,
1161115022,121,308,2017-02-19 18:50:40 UTC,240,240,false,
1161115022,121,308,2017-02-19 18:50:18 UTC,240,240,false,
1161115022,121,308,2017-02-19 18:50:55 UTC,240,240,false,
1161115022,121,308,2017-02-19 18:50:44 UTC,241,240,true,
1161115022,121,308,2017-02-19 18:49:46 UTC,240,240,false,
1161115022,121,308,2017-02-19 18:50:22 UTC,241,240,true,
1161115022,121,308,2017-02-19 18:49:57 UTC,241,240,true,
1161115022,121,308,2017-02-19 18:51:01 UTC,240,240,false,
1161115022,121,308,2017-02-19 18:50:10 UTC,241,240,true,
1161115022,121,308,2017-02-19 18:51:00 UTC,241,240,true,
1161115022,121,308,2017-02-19 18:50:01 UTC,240,240,false,
1161115022,121,308,2017-02-19 18:50:46 UTC,241,240,true,
1161115022,121,308,2017-02-19 18:50:33 UTC,240,240,false,
1161115022,121,308,2017-02-19 18:50:38 UTC,241,240,true,
1161115022,121,308,2017-02-19 18:50:45 UTC,240,240,false,
1161115022,121,308,2017-02-19 18:50:33 UTC,241,240,true,
1161115022,121,308,2017-02-19 18:50:37 UTC,240,240,false,
1161115022,121,308,2017-02-20 14:48:42 UTC,240,240,false,
1161115022,121,308,2017-02-20 14:48:37 UTC,241,240,true,
1161115022,121,308,2017-02-20 14:48:38 UTC,240,240,false,
1161115022,121,308,2017-02-20 14:48:38 UTC,241,240,true,
1161115022,121,308,2017-02-20 15:41:24 UTC,241,240,true,
1161115022,121,308,2017-02-20 15:42:00 UTC,240,240,false,
1161115022,121,308,2017-02-20 16:53:36 UTC,241,240,true,
1161115022,121,308,2017-02-20 16:58:18 UTC,241,240,true,
1161115022,121,308,2017-02-20 16:57:50 UTC,240,240,false,
1161115022,121,308,2017-02-20 16:58:20 UTC,240,240,false,
1161115022,121,308,2017-02-20 16:58:39 UTC,241,240,true,
1161115022,121,308,2017-02-20 16:58:40 UTC,240,240,false,
1161115022,121,308,2017-02-20 17:24:33 UTC,240,240,false,
1161115022,121,308,2017-02-20 17:36:39 UTC,240,240,false,
1161115022,121,308,2017-02-20 17:24:52 UTC,241,240,true,
1161115022,121,308,2017-02-20 17:36:41 UTC,240,240,false,
1161115022,121,308,2017-02-20 17:36:39 UTC,241,240,true,
1161115022,121,308,2017-02-20 17:36:51 UTC,241,240,true,
1161115022,121,308,2017-02-20 17:36:50 UTC,240,240,false,
1161115022,121,308,2017-02-20 17:23:15 UTC,241,240,true,
1161115022,121,308,2017-02-20 17:25:19 UTC,241,240,true,
1161115022,121,308,2017-02-20 17:24:53 UTC,240,240,false,
1161115022,121,308,2017-02-20 17:36:51 UTC,240,240,false,
1161115022,121,308,2017-02-20 17:36:45 UTC,241,240,true,
1161115022,121,308,2017-02-20 17:25:56 UTC,240,240,false,
1161115022,121,308,2017-02-20 17:36:40 UTC,241,240,true,
1161115022,121,308,2017-02-20 18:59:31 UTC,241,240,true,
1161115022,121,308,2017-02-20 18:18:35 UTC,241,240,true,
1161115022,121,308,2017-02-20 18:46:54 UTC,240,240,false,
1161115022,121,308,2017-02-20 18:18:36 UTC,240,240,false,
1161115022,121,308,2017-02-20 18:30:03 UTC,240,240,false,
1161115022,121,308,2017-02-20 18:18:30 UTC,241,240,true,
1161115022,121,308,2017-02-20 18:57:25 UTC,240,240,false,
1161115022,121,308,2017-02-20 18:18:32 UTC,240,240,false,
1161115022,121,308,2017-02-20 18:29:51 UTC,241,240,true,
1161115022,121,308,2017-02-20 18:59:30 UTC,240,240,false,
1161115022,121,308,2017-02-20 18:18:37 UTC,241,240,true,
1161115022,121,308,2017-02-20 18:59:29 UTC,241,240,true,
1161115022,121,308,2017-02-20 18:59:36 UTC,241,240,true,
1161115022,121,308,2017-02-20 18:18:38 UTC,240,240,false,
1161115022,121,308,2017-02-20 18:18:51 UTC,240,240,false,
1161115022,121,308,2017-02-20 18:18:27 UTC,241,240,true,
1161115022,121,308,2017-02-20 18:18:50 UTC,241,240,true,
1161115022,121,308,2017-02-20 18:57:24 UTC,241,240,true,
1161115022,121,308,2017-02-20 18:59:39 UTC,241,240,true,
1161115022,121,308,2017-02-20 18:59:36 UTC,240,240,false,
1161115022,121,308,2017-02-20 18:59:45 UTC,240,240,false,
1161115022,121,308,2017-02-20 18:47:18 UTC,240,240,false,
1161115022,121,308,2017-02-20 18:18:28 UTC,240,240,false,
1161115022,121,308,2017-02-20 18:30:28 UTC,240,240,false,
1161115022,121,308,2017-02-20 18:30:01 UTC,241,240,true,
1161115022,121,308,2017-02-20 18:47:00 UTC,241,240,true,
1161115022,121,308,2017-02-20 18:29:52 UTC,240,240,false,
1161115022,121,308,2017-02-20 18:30:15 UTC,241,240,true,
1161115022,121,308,2017-02-20 18:46:04 UTC,241,240,true,
1161115022,121,308,2017-02-20 18:59:38 UTC,240,240,false,
1161115022,121,308,2017-02-20 21:09:05 UTC,240,240,false,
1161115022,121,308,2017-02-20 20:58:23 UTC,240,240,false,
1161115022,121,308,2017-02-20 21:06:09 UTC,241,240,true,
1161115022,121,308,2017-02-20 21:07:53 UTC,240,240,false,
1161115022,121,308,2017-02-20 21:06:05 UTC,241,240,true,
1161115022,121,308,2017-02-20 21:09:05 UTC,241,240,true,
1161115022,121,308,2017-02-20 21:09:25 UTC,240,240,false,
1161115022,121,308,2017-02-20 21:04:27 UTC,241,240,true,
1161115022,121,308,2017-02-20 20:59:29 UTC,241,240,true,
1161115022,121,308,2017-02-20 21:00:12 UTC,241,240,true,
1161115022,121,308,2017-02-20 21:00:10 UTC,240,240,false,
1161115022,121,308,2017-02-20 21:09:22 UTC,240,240,false,
1161115022,121,308,2017-02-20 21:08:56 UTC,241,240,true,
1161115022,121,308,2017-02-20 20:58:17 UTC,241,240,true,
1161115022,121,308,2017-02-20 21:09:02 UTC,240,240,false,
1161115022,121,308,2017-02-20 21:06:06 UTC,240,240,false,
1161115022,121,308,2017-02-20 21:04:59 UTC,240,240,false,
1161115022,121,308,2017-02-20 21:09:23 UTC,241,240,true,
1161115022,121,308,2017-02-20 21:00:36 UTC,240,240,false,
1161115022,121,308,2017-02-20 21:08:58 UTC,240,240,false,
1161115022,121,308,2017-02-20 21:06:08 UTC,240,240,false,
1161115022,121,308,2017-02-20 21:04:30 UTC,240,240,false,
1161115022,121,308,2017-02-20 21:06:07 UTC,241,240,true,
1161115022,121,308,2017-02-20 21:04:56 UTC,241,240,true,
1161115022,121,308,2017-02-20 21:09:04 UTC,241,240,true,
1161115022,121,308,2017-02-20 21:08:59 UTC,241,240,true,
1161115022,121,308,2017-02-21 14:07:06 UTC,240,240,false,
1161115022,121,308,2017-02-21 14:07:52 UTC,240,240,false,
1161115022,121,308,2017-02-21 14:28:20 UTC,241,240,true,
1161115022,121,308,2017-02-21 14:02:57 UTC,240,240,false,
1161115022,121,308,2017-02-21 14:04:22 UTC,240,240,false,
1161115022,121,308,2017-02-21 14:03:19 UTC,241,240,true,
1161115022,121,308,2017-02-21 14:03:31 UTC,241,240,true,
1161115022,121,308,2017-02-21 14:12:42 UTC,241,240,true,
1161115022,121,308,2017-02-21 14:12:10 UTC,240,240,false,
1161115022,121,308,2017-02-21 14:16:58 UTC,241,240,true,
1161115022,121,308,2017-02-21 14:13:09 UTC,241,240,true,
1161115022,121,308,2017-02-21 14:03:23 UTC,240,240,false,
1161115022,121,308,2017-02-21 14:06:03 UTC,241,240,true,
1161115022,121,308,2017-02-21 14:12:24 UTC,240,240,false,
1161115022,121,308,2017-02-21 14:13:27 UTC,240,240,false,
1161115022,121,308,2017-02-21 14:03:14 UTC,240,240,false,
1161115022,121,308,2017-02-21 14:06:02 UTC,240,240,false,
1161115022,121,308,2017-02-21 14:17:41 UTC,240,240,false,
1161115022,121,308,2017-02-21 14:12:41 UTC,240,240,false,
1161115022,121,308,2017-02-21 14:07:33 UTC,240,240,false,
1161115022,121,308,2017-02-21 14:17:47 UTC,241,240,true,
1161115022,121,308,2017-02-21 14:17:59 UTC,241,240,true,
1161115022,121,308,2017-02-21 14:03:37 UTC,240,240,false,
1161115022,121,308,2017-02-21 14:07:04 UTC,240,240,false,
1161115022,121,308,2017-02-21 14:07:24 UTC,241,240,true,
1161115022,121,308,2017-02-21 14:04:46 UTC,241,240,true,
1161115022,121,308,2017-02-21 14:03:32 UTC,240,240,false,
1161115022,121,308,2017-02-21 14:06:00 UTC,240,240,false,
1161115022,121,308,2017-02-21 14:12:23 UTC,241,240,true,
1161115022,121,308,2017-02-21 14:03:51 UTC,240,240,false,
1161115022,121,308,2017-02-21 14:06:14 UTC,240,240,false,
1161115022,121,308,2017-02-21 14:12:55 UTC,240,240,false,
1161115022,121,308,2017-02-21 14:06:23 UTC,240,240,false,
1161115022,121,308,2017-02-21 14:02:59 UTC,241,240,true,
1161115022,121,308,2017-02-21 14:17:15 UTC,241,240,true,
1161115022,121,308,2017-02-21 14:12:26 UTC,241,240,true,
1161115022,121,308,2017-02-21 14:03:04 UTC,241,240,true,
1161115022,121,308,2017-02-21 14:03:38 UTC,241,240,true,
1161115022,121,308,2017-02-21 14:07:42 UTC,241,240,true,
1161115022,121,308,2017-02-21 14:06:24 UTC,241,240,true,
1161115022,121,308,2017-02-21 14:03:33 UTC,241,240,true,
1161115022,121,308,2017-02-21 14:12:08 UTC,241,240,true,
1161115022,121,308,2017-02-21 14:03:15 UTC,241,240,true,
1161115022,121,308,2017-02-21 14:07:24 UTC,240,240,false,
1161115022,121,308,2017-02-21 14:04:59 UTC,241,240,true,
1161115022,121,308,2017-02-21 14:17:09 UTC,240,240,false,
1161115022,121,308,2017-02-21 13:45:52 UTC,241,240,true,
1161115022,121,308,2017-02-21 14:03:48 UTC,241,240,true,
1161115022,121,308,2017-02-21 14:12:32 UTC,240,240,false,
1161115022,121,308,2017-02-21 14:31:57 UTC,240,240,false,
1161115022,121,308,2017-02-21 14:04:07 UTC,241,240,true,
1161115022,121,308,2017-02-21 14:03:05 UTC,240,240,false,
1161115022,121,308,2017-02-21 13:52:16 UTC,240,240,false,
1161115022,121,308,2017-02-21 14:03:07 UTC,241,240,true,
1161115022,121,308,2017-02-21 14:04:56 UTC,240,240,false,
1161115022,121,308,2017-02-21 14:18:17 UTC,240,240,false,
1161115022,121,308,2017-02-21 14:02:57 UTC,241,240,true,
1161115022,121,308,2017-02-21 14:03:18 UTC,240,240,false,
1161115022,121,308,2017-02-21 14:07:05 UTC,241,240,true,
1161115022,121,308,2017-02-21 14:16:50 UTC,240,240,false,
1161115022,121,308,2017-02-21 14:03:02 UTC,240,240,false,
1161115022,121,308,2017-02-21 14:13:32 UTC,241,240,true,
1161115022,121,308,2017-02-21 14:28:29 UTC,241,240,true,
1161115022,121,308,2017-02-21 14:04:45 UTC,240,240,false,
1161115022,121,308,2017-02-21 14:17:45 UTC,240,240,false,
1161115022,121,308,2017-02-21 14:07:26 UTC,241,240,true,
1161115022,121,308,2017-02-21 14:03:47 UTC,240,240,false,
1161115022,121,308,2017-02-21 14:12:35 UTC,241,240,true,
1161115022,121,308,2017-02-21 14:03:10 UTC,240,240,false,
1161115022,121,308,2017-02-21 14:06:01 UTC,241,240,true,
1161115022,121,308,2017-02-21 14:17:48 UTC,240,240,false,
1161115022,121,308,2017-02-21 14:17:43 UTC,241,240,true,
1161115022,121,308,2017-02-21 14:28:27 UTC,240,240,false,
1161115022,121,308,2017-02-21 14:04:38 UTC,241,240,true,
1161115022,121,308,2017-02-21 14:06:22 UTC,241,240,true,
1161115022,121,308,2017-02-21 14:03:10 UTC,241,240,true,
1161115022,121,308,2017-02-21 14:56:19 UTC,240,240,false,
1161115022,121,308,2017-02-21 15:06:07 UTC,240,240,false,
1161115022,121,308,2017-02-21 15:29:09 UTC,240,240,false,
1161115022,121,308,2017-02-21 14:56:13 UTC,241,240,true,
1161115022,121,308,2017-02-21 15:28:53 UTC,240,240,false,
1161115022,121,308,2017-02-21 15:01:48 UTC,241,240,true,
1161115022,121,308,2017-02-21 15:23:38 UTC,240,240,false,
1161115022,121,308,2017-02-21 15:28:51 UTC,240,240,false,
1161115022,121,308,2017-02-21 15:00:10 UTC,241,240,true,
1161115022,121,308,2017-02-21 15:28:55 UTC,241,240,true,
1161115022,121,308,2017-02-21 15:23:39 UTC,241,240,true,
1161115022,121,308,2017-02-21 15:01:33 UTC,240,240,false,
1161115022,121,308,2017-02-21 15:28:52 UTC,241,240,true,
1161115022,121,308,2017-02-21 15:06:10 UTC,240,240,false,
1161115022,121,308,2017-02-21 15:29:22 UTC,241,240,true,
1161115022,121,308,2017-02-21 14:56:20 UTC,241,240,true,
1161115022,121,308,2017-02-21 15:29:15 UTC,241,240,true,
1161115022,121,308,2017-02-21 15:29:18 UTC,240,240,false,
1161115022,121,308,2017-02-21 14:56:24 UTC,240,240,false,
1161115022,121,308,2017-02-21 15:06:10 UTC,241,240,true,
1161115022,121,308,2017-02-21 15:06:07 UTC,241,240,true,
1161115022,121,308,2017-02-21 16:14:16 UTC,240,240,false,
1161115022,121,308,2017-02-21 16:02:37 UTC,240,240,false,
1161115022,121,308,2017-02-21 16:02:53 UTC,241,240,true,
1161115022,121,308,2017-02-21 16:14:18 UTC,241,240,true,
1161115022,121,308,2017-02-21 15:44:43 UTC,240,240,false,
1161115022,121,308,2017-02-21 15:44:44 UTC,241,240,true,
1161115022,121,308,2017-02-21 17:11:12 UTC,240,240,false,
1161115022,121,308,2017-02-21 17:04:52 UTC,240,240,false,
1161115022,121,308,2017-02-21 17:06:15 UTC,241,240,true,
1161115022,121,308,2017-02-21 17:06:14 UTC,240,240,false,
1161115022,121,308,2017-02-21 17:06:24 UTC,240,240,false,
1161115022,121,308,2017-02-21 17:05:59 UTC,240,240,false,
1161115022,121,308,2017-02-21 17:06:01 UTC,241,240,true,
1161115022,121,308,2017-02-21 17:07:33 UTC,241,240,true,
1161115022,121,308,2017-02-21 17:05:59 UTC,241,240,true,
1161115022,121,308,2017-02-21 17:11:51 UTC,241,240,true,
1161115022,121,308,2017-02-21 17:14:28 UTC,240,240,false,
1161115022,121,308,2017-02-21 17:14:29 UTC,241,240,true,
1161115022,121,308,2017-02-21 17:06:26 UTC,241,240,true,
1161115022,121,308,2017-02-21 17:06:48 UTC,240,240,false,
1161115022,121,308,2017-02-21 19:38:56 UTC,240,240,false,
1161115022,121,308,2017-02-21 20:32:45 UTC,240,240,false,
1161115022,121,308,2017-02-21 20:19:47 UTC,241,240,true,
1161115022,121,308,2017-02-21 20:18:49 UTC,241,240,true,
1161115022,121,308,2017-02-21 20:20:09 UTC,240,240,false,
1161115022,121,308,2017-02-21 20:20:19 UTC,240,240,false,
1161115022,121,308,2017-02-21 20:31:30 UTC,240,240,false,
1161115022,121,308,2017-02-21 20:32:15 UTC,240,240,false,
1161115022,121,308,2017-02-21 20:31:27 UTC,241,240,true,
1161115022,121,308,2017-02-21 20:19:47 UTC,240,240,false,
1161115022,121,308,2017-02-21 20:19:29 UTC,241,240,true,
1161115022,121,308,2017-02-21 20:19:19 UTC,240,240,false,
1161115022,121,308,2017-02-21 20:19:12 UTC,241,240,true,
1161115022,121,308,2017-02-21 20:35:50 UTC,240,240,false,
1161115022,121,308,2017-02-21 20:32:11 UTC,240,240,false,
1161115022,121,308,2017-02-21 20:35:18 UTC,240,240,false,
1161115022,121,308,2017-02-21 20:32:16 UTC,241,240,true,
1161115022,121,308,2017-02-21 20:35:17 UTC,241,240,true,
1161115022,121,308,2017-02-21 20:35:46 UTC,241,240,true,
1161115022,121,308,2017-02-21 20:32:50 UTC,241,240,true,
1161115022,121,308,2017-02-21 20:32:13 UTC,241,240,true,
1161115022,121,308,2017-02-21 20:18:51 UTC,240,240,false,
1161115022,121,308,2017-02-21 20:32:30 UTC,240,240,false,
1161115022,121,308,2017-02-21 20:40:01 UTC,241,240,true,
1161115022,121,308,2017-02-21 20:33:06 UTC,240,240,false,
1161115022,121,308,2017-02-21 20:31:36 UTC,241,240,true,
1161115022,121,308,2017-02-21 20:32:36 UTC,241,240,true,
1161115022,121,308,2017-02-21 20:33:08 UTC,240,240,false,
1161115022,121,308,2017-02-21 20:40:02 UTC,240,240,false,
1161115022,121,308,2017-02-21 20:33:07 UTC,241,240,true,
1161115022,121,308,2017-02-21 20:20:09 UTC,241,240,true,
1161115022,121,308,2017-02-22 15:13:01 UTC,240,240,false,
1161115022,121,308,2017-02-22 15:13:04 UTC,240,240,false,
1161115022,121,308,2017-02-22 15:13:00 UTC,241,240,true,
1161115022,121,308,2017-02-22 15:13:01 UTC,241,240,true,
1161115022,121,308,2017-02-22 15:13:04 UTC,241,240,true,
1161115022,121,308,2017-02-22 15:26:57 UTC,241,240,true,
1161115022,121,308,2017-02-22 15:26:46 UTC,241,240,true,
1161115022,121,308,2017-02-22 15:26:56 UTC,240,240,false,
1161115022,121,308,2017-02-22 15:26:20 UTC,240,240,false,
1161115022,121,308,2017-02-22 15:21:45 UTC,241,240,true,
1161115022,121,308,2017-02-22 15:26:21 UTC,241,240,true,
1161115022,121,308,2017-02-22 15:26:33 UTC,241,240,true,
1161115022,121,308,2017-02-22 15:26:48 UTC,240,240,false,
1161115022,121,308,2017-02-22 15:27:11 UTC,240,240,false,
1161115022,121,308,2017-02-22 15:23:22 UTC,240,240,false,
1161115022,121,308,2017-02-22 15:26:22 UTC,240,240,false,
1161115022,121,308,2017-02-22 15:26:45 UTC,240,240,false,
1161115022,121,308,2017-02-22 15:26:48 UTC,241,240,true,
1161115022,121,308,2017-02-22 15:14:51 UTC,240,240,false,
1161115022,121,308,2017-02-22 15:26:58 UTC,240,240,false,
1161115022,121,308,2017-02-22 15:26:58 UTC,241,240,true,
1161115022,121,308,2017-02-22 15:26:17 UTC,241,240,true,
1161115022,121,308,2017-02-22 16:52:52 UTC,241,240,true,
1161115022,121,308,2017-02-22 17:02:32 UTC,240,240,false,
1161115022,121,308,2017-02-22 17:00:22 UTC,240,240,false,
1161115022,121,308,2017-02-22 17:03:03 UTC,240,240,false,
1161115022,121,308,2017-02-22 17:02:26 UTC,241,240,true,
1161115022,121,308,2017-02-22 16:51:03 UTC,240,240,false,
1161115022,121,308,2017-02-22 17:01:24 UTC,241,240,true,
1161115022,121,308,2017-02-22 16:59:04 UTC,240,240,false,
1161115022,121,308,2017-02-22 16:58:14 UTC,241,240,true,
1161115022,121,308,2017-02-22 17:05:54 UTC,240,240,false,
1161115022,121,308,2017-02-22 16:52:52 UTC,240,240,false,
1161115022,121,308,2017-02-22 17:04:39 UTC,240,240,false,
1161115022,121,308,2017-02-22 16:53:51 UTC,240,240,false,
1161115022,121,308,2017-02-22 16:52:26 UTC,241,240,true,
1161115022,121,308,2017-02-22 16:53:43 UTC,240,240,false,
1161115022,121,308,2017-02-22 16:38:31 UTC,241,240,true,
1161115022,121,308,2017-02-22 16:52:56 UTC,240,240,false,
1161115022,121,308,2017-02-22 17:04:00 UTC,241,240,true,
1161115022,121,308,2017-02-22 17:02:44 UTC,241,240,true,
1161115022,121,308,2017-02-22 17:04:13 UTC,240,240,false,
1161115022,121,308,2017-02-22 17:02:07 UTC,240,240,false,
1161115022,121,308,2017-02-22 16:39:04 UTC,240,240,false,
1161115022,121,308,2017-02-22 17:04:45 UTC,240,240,false,
1161115022,121,308,2017-02-22 16:39:06 UTC,240,240,false,
1161115022,121,308,2017-02-22 17:00:07 UTC,241,240,true,
1161115022,121,308,2017-02-22 17:05:52 UTC,241,240,true,
1161115022,121,308,2017-02-22 16:53:51 UTC,241,240,true,
1161115022,121,308,2017-02-22 17:04:49 UTC,240,240,false,
1161115022,121,308,2017-02-22 17:04:45 UTC,241,240,true,
1161115022,121,308,2017-02-22 17:04:53 UTC,241,240,true,
1161115022,121,308,2017-02-22 16:50:49 UTC,241,240,true,
1161115022,121,308,2017-02-22 17:04:42 UTC,241,240,true,
1161115022,121,308,2017-02-22 16:52:36 UTC,241,240,true,
1161115022,121,308,2017-02-22 16:52:57 UTC,241,240,true,
1161115022,121,308,2017-02-22 17:03:03 UTC,241,240,true,
1161115022,121,308,2017-02-22 16:52:30 UTC,240,240,false,
1161115022,121,308,2017-02-22 17:03:02 UTC,240,240,false,
1161115022,121,308,2017-02-22 17:05:36 UTC,240,240,false,
1161115022,121,308,2017-02-22 16:39:05 UTC,241,240,true,
1161115022,121,308,2017-02-22 17:04:25 UTC,241,240,true,
1161115022,121,308,2017-02-22 17:28:11 UTC,241,240,true,
1161115022,121,308,2017-02-22 17:28:32 UTC,240,240,false,
1161115022,121,308,2017-02-22 18:21:57 UTC,241,240,true,
1161115022,121,308,2017-02-22 19:05:52 UTC,241,240,true,
1161115022,121,308,2017-02-22 19:16:53 UTC,241,240,true,
1161115022,121,308,2017-02-22 19:08:18 UTC,241,240,true,
1161115022,121,308,2017-02-22 18:59:31 UTC,240,240,false,
1161115022,121,308,2017-02-22 18:40:28 UTC,240,240,false,
1161115022,121,308,2017-02-22 18:40:23 UTC,240,240,false,
1161115022,121,308,2017-02-22 18:22:09 UTC,240,240,false,
1161115022,121,308,2017-02-22 18:34:07 UTC,240,240,false,
1161115022,121,308,2017-02-22 18:22:42 UTC,241,240,true,
1161115022,121,308,2017-02-22 19:10:20 UTC,241,240,true,
1161115022,121,308,2017-02-22 18:35:58 UTC,240,240,false,
1161115022,121,308,2017-02-22 18:38:56 UTC,241,240,true,
1161115022,121,308,2017-02-22 18:35:31 UTC,241,240,true,
1161115022,121,308,2017-02-22 18:35:34 UTC,241,240,true,
1161115022,121,308,2017-02-22 19:16:50 UTC,240,240,false,
1161115022,121,308,2017-02-22 18:35:58 UTC,241,240,true,
1161115022,121,308,2017-02-22 18:35:43 UTC,240,240,false,
1161115022,121,308,2017-02-22 19:00:09 UTC,241,240,true,
1161115022,121,308,2017-02-22 18:35:48 UTC,240,240,false,
1161115022,121,308,2017-02-22 19:05:10 UTC,240,240,false,
1161115022,121,308,2017-02-22 18:48:23 UTC,241,240,true,
1161115022,121,308,2017-02-22 18:35:53 UTC,240,240,false,
1161115022,121,308,2017-02-22 19:17:20 UTC,241,240,true,
1161115022,121,308,2017-02-22 18:49:05 UTC,240,240,false,
1161115022,121,308,2017-02-22 19:16:45 UTC,241,240,true,
1161115022,121,308,2017-02-22 19:02:46 UTC,240,240,false,
1161115022,121,308,2017-02-22 18:28:37 UTC,241,240,true,
1161115022,121,308,2017-02-22 18:35:44 UTC,241,240,true,
1161115022,121,308,2017-02-22 18:33:07 UTC,241,240,true,
1161115022,121,308,2017-02-22 18:56:06 UTC,241,240,true,
1161115022,121,308,2017-02-22 18:36:09 UTC,241,240,true,
1161115022,121,308,2017-02-22 18:37:35 UTC,241,240,true,
1161115022,121,308,2017-02-22 18:35:35 UTC,241,240,true,
1161115022,121,308,2017-02-22 19:17:25 UTC,240,240,false,
1161115022,121,308,2017-02-22 19:06:46 UTC,240,240,false,
1161115022,121,308,2017-02-22 18:56:05 UTC,240,240,false,
1161115022,121,308,2017-02-22 18:43:34 UTC,240,240,false,
1161115022,121,308,2017-02-22 18:35:30 UTC,240,240,false,
1161115022,121,308,2017-02-22 18:44:10 UTC,240,240,false,
1161115022,121,308,2017-02-22 19:08:21 UTC,240,240,false,
1161115022,121,308,2017-02-22 18:35:32 UTC,240,240,false,
1161115022,121,308,2017-02-22 18:35:35 UTC,240,240,false,
1161115022,121,308,2017-02-22 19:17:14 UTC,241,240,true,
1161115022,121,308,2017-02-22 18:35:41 UTC,241,240,true,
1161115022,121,308,2017-02-22 19:17:08 UTC,240,240,false,
1161115022,121,308,2017-02-22 19:17:20 UTC,240,240,false,
1161115022,121,308,2017-02-22 18:35:52 UTC,241,240,true,
1161115022,121,308,2017-02-22 18:48:16 UTC,241,240,true,
1161115022,121,308,2017-02-22 18:39:45 UTC,241,240,true,
1161115022,121,308,2017-02-22 19:00:15 UTC,240,240,false,
1161115022,121,308,2017-02-22 19:06:08 UTC,240,240,false,
1161115022,121,308,2017-02-22 18:40:20 UTC,240,240,false,
1161115022,121,308,2017-02-22 18:56:54 UTC,240,240,false,
1161115022,121,308,2017-02-22 18:36:22 UTC,240,240,false,
1161115022,121,308,2017-02-22 19:06:45 UTC,240,240,false,
1161115022,121,308,2017-02-22 18:58:08 UTC,240,240,false,
1161115022,121,308,2017-02-22 18:44:09 UTC,241,240,true,
1161115022,121,308,2017-02-22 18:25:16 UTC,240,240,false,
1161115022,121,308,2017-02-22 18:41:44 UTC,241,240,true,
1161115022,121,308,2017-02-22 18:48:59 UTC,241,240,true,
1161115022,121,308,2017-02-22 19:02:03 UTC,241,240,true,
1161115022,121,308,2017-02-22 18:22:36 UTC,240,240,false,
1161115022,121,308,2017-02-22 18:35:57 UTC,240,240,false,
1161115022,121,308,2017-02-22 18:44:43 UTC,240,240,false,
1161115022,121,308,2017-02-22 18:28:57 UTC,240,240,false,
1161115022,121,308,2017-02-22 18:28:35 UTC,240,240,false,
1161115022,121,308,2017-02-22 18:35:25 UTC,241,240,true,
1161115022,121,308,2017-02-22 19:17:07 UTC,241,240,true,
1161115022,121,308,2017-02-22 18:38:57 UTC,240,240,false,
1161115022,121,308,2017-02-22 19:17:17 UTC,240,240,false,
1161115022,121,308,2017-02-22 18:47:16 UTC,240,240,false,
1161115022,121,308,2017-02-22 18:44:45 UTC,241,240,true,
1161115022,121,308,2017-02-22 19:17:10 UTC,241,240,true,
1161115022,121,308,2017-02-22 18:44:41 UTC,240,240,false,
1161115022,121,308,2017-02-22 18:44:13 UTC,241,240,true,
1161115022,121,308,2017-02-22 18:59:25 UTC,241,240,true,
1161115022,121,308,2017-02-22 19:08:09 UTC,240,240,false,
1161115022,121,308,2017-02-22 19:05:52 UTC,240,240,false,
1161115022,121,308,2017-02-22 19:10:35 UTC,240,240,false,
1161115022,121,308,2017-02-22 18:35:56 UTC,241,240,true,
1161115022,121,308,2017-02-22 19:17:05 UTC,240,240,false,
1161115022,121,308,2017-02-22 18:59:43 UTC,240,240,false,
1161115022,121,308,2017-02-22 18:35:39 UTC,240,240,false,
1161115022,121,308,2017-02-22 19:16:49 UTC,241,240,true,
1161115022,121,308,2017-02-22 18:36:02 UTC,240,240,false,
1161115022,121,308,2017-02-22 18:44:13 UTC,240,240,false,
1161115022,121,308,2017-02-22 18:38:55 UTC,240,240,false,
1161115022,121,308,2017-02-22 18:59:40 UTC,241,240,true,
1161115022,121,308,2017-02-22 18:40:26 UTC,241,240,true,
1161115022,121,308,2017-02-22 18:35:59 UTC,241,240,true,
1161115022,121,308,2017-02-22 19:17:12 UTC,240,240,false,
1161115022,121,308,2017-02-22 18:40:22 UTC,241,240,true,
1161115022,121,308,2017-02-22 18:22:30 UTC,241,240,true,
1161115022,121,308,2017-02-22 18:48:57 UTC,240,240,false,
1161115022,121,308,2017-02-22 18:26:23 UTC,241,240,true,
1161115022,121,308,2017-02-22 18:49:16 UTC,240,240,false,
1161115022,121,308,2017-02-22 18:44:42 UTC,241,240,true,
1161115022,121,308,2017-02-22 19:06:50 UTC,241,240,true,
1161115022,121,308,2017-02-22 18:46:27 UTC,241,240,true,
1161115022,121,308,2017-02-22 18:56:53 UTC,241,240,true,
1161115022,121,308,2017-02-22 18:45:05 UTC,240,240,false,
1161115022,121,308,2017-02-22 19:06:46 UTC,241,240,true,
1161115022,121,308,2017-02-22 18:35:38 UTC,240,240,false,
1161115022,121,308,2017-02-22 18:49:06 UTC,241,240,true,
1161115022,121,308,2017-02-22 19:06:36 UTC,241,240,true,
1161115022,121,308,2017-02-22 19:05:47 UTC,241,240,true,
1161115022,121,308,2017-02-22 19:16:49 UTC,240,240,false,
1161115022,121,308,2017-02-22 18:48:20 UTC,240,240,false,
1161115022,121,308,2017-02-22 18:35:38 UTC,241,240,true,
1161115022,121,308,2017-02-22 19:17:21 UTC,241,240,true,
1161115022,121,308,2017-02-22 18:57:21 UTC,241,240,true,
1161115022,121,308,2017-02-22 19:02:47 UTC,241,240,true,
1161115022,121,308,2017-02-22 18:44:11 UTC,241,240,true,
1161115022,121,308,2017-02-22 18:55:46 UTC,241,240,true,
1161115022,121,308,2017-02-22 18:56:52 UTC,240,240,false,
1161115022,121,308,2017-02-22 19:29:29 UTC,240,240,false,
1161115022,121,308,2017-02-22 20:17:05 UTC,241,240,true,
1161115022,121,308,2017-02-22 19:55:05 UTC,241,240,true,
1161115022,121,308,2017-02-22 20:15:18 UTC,240,240,false,
1161115022,121,308,2017-02-22 19:28:52 UTC,240,240,false,
1161115022,121,308,2017-02-22 20:02:23 UTC,241,240,true,
1161115022,121,308,2017-02-22 20:03:02 UTC,241,240,true,
1161115022,121,308,2017-02-22 19:28:42 UTC,240,240,false,
1161115022,121,308,2017-02-22 19:29:37 UTC,241,240,true,
1161115022,121,308,2017-02-22 20:17:05 UTC,240,240,false,
1161115022,121,308,2017-02-22 19:30:56 UTC,241,240,true,
1161115022,121,308,2017-02-22 19:43:08 UTC,241,240,true,
1161115022,121,308,2017-02-22 19:50:04 UTC,240,240,false,
1161115022,121,308,2017-02-22 19:28:46 UTC,241,240,true,
1161115022,121,308,2017-02-22 19:28:53 UTC,241,240,true,
1161115022,121,308,2017-02-22 19:32:39 UTC,240,240,false,
1161115022,121,308,2017-02-22 19:43:21 UTC,240,240,false,
1161115022,121,308,2017-02-22 20:02:31 UTC,240,240,false,
1161115022,121,308,2017-02-22 19:29:26 UTC,241,240,true,
1161115022,121,308,2017-02-22 20:02:22 UTC,240,240,false,
1161115022,121,308,2017-02-22 19:28:50 UTC,240,240,false,
1161115022,121,308,2017-02-22 19:28:51 UTC,241,240,true,
1161115022,121,308,2017-02-22 19:29:27 UTC,241,240,true,
1161115022,121,308,2017-02-22 19:28:49 UTC,241,240,true,
1161115022,121,308,2017-02-22 19:28:47 UTC,240,240,false,
1161115022,121,308,2017-02-22 20:17:16 UTC,240,240,false,
1161115022,121,308,2017-02-22 19:30:54 UTC,240,240,false,
1161115022,121,308,2017-02-22 19:43:26 UTC,241,240,true,
1161115022,121,308,2017-02-22 19:27:21 UTC,241,240,true,
1161115022,121,308,2017-02-22 19:29:27 UTC,240,240,false,
1161115022,121,308,2017-02-22 19:29:20 UTC,240,240,false,
1161115022,121,308,2017-02-22 20:17:06 UTC,241,240,true,
1161115022,121,308,2017-02-23 00:07:01 UTC,240,240,false,
1161115022,121,308,2017-02-23 00:07:03 UTC,241,240,true,
1161115022,121,308,2017-02-23 00:06:05 UTC,241,240,true,
1161115022,121,308,2017-02-23 00:06:46 UTC,241,240,true,
1161115022,121,308,2017-02-23 00:06:01 UTC,241,240,true,
1161115022,121,308,2017-02-23 00:06:10 UTC,241,240,true,
1161115022,121,308,2017-02-23 00:06:07 UTC,240,240,false,
1161115022,121,308,2017-02-23 00:06:12 UTC,240,240,false,
1161115022,121,308,2017-02-23 00:05:42 UTC,241,240,true,
1161115022,121,308,2017-02-23 00:06:04 UTC,240,240,false,
1161115022,121,308,2017-02-23 00:06:39 UTC,240,240,false,
1161115022,121,308,2017-02-23 00:06:05 UTC,240,240,false,
1161115022,121,308,2017-02-23 00:06:06 UTC,241,240,true,
1161115022,121,308,2017-02-23 00:05:49 UTC,240,240,false,
1161115022,121,308,2017-02-23 00:06:25 UTC,241,240,true,
1161115022,121,308,2017-02-23 00:07:10 UTC,240,240,false,
1161115022,112,303,2017-02-23 05:01:04 UTC,999999,999999,true,
1161115022,113,303,2017-02-23 05:07:44 UTC,999999,999999,false,
1161115022,113,303,2017-02-23 05:26:24 UTC,999999,999999,true,
1161115022,112,303,2017-02-23 05:06:14 UTC,999999,999999,false,
1161115022,112,303,2017-02-23 04:31:54 UTC,999999,999999,true,
1161115022,112,303,2017-02-23 04:33:54 UTC,999999,999999,false,
1161115022,113,303,2017-02-23 04:32:34 UTC,999999,999999,true,
1161115022,113,303,2017-02-23 05:52:04 UTC,999999,999999,true,
1161115022,113,303,2017-02-23 06:13:14 UTC,999999,999999,false,
1161115022,113,303,2017-02-23 05:33:44 UTC,999999,999999,false,
1161115022,113,303,2017-02-23 06:32:54 UTC,999999,999999,true,
1161115022,113,303,2017-02-23 08:00:54 UTC,999999,999999,false,
1161115022,113,303,2017-02-23 08:20:04 UTC,999999,999999,true,
1161115022,113,303,2017-02-23 09:39:54 UTC,999999,999999,false,
1161115022,121,308,2017-02-23 16:21:15 UTC,241,240,true,
1161115022,121,308,2017-02-23 16:21:21 UTC,240,240,false,
1161115022,121,308,2017-02-23 16:16:48 UTC,241,240,true,
1161115022,121,308,2017-02-23 16:26:19 UTC,240,240,false,
1161115022,121,308,2017-02-23 16:21:10 UTC,240,240,false,
1161115022,121,308,2017-02-23 16:23:46 UTC,241,240,true,
1161115022,121,308,2017-02-23 16:21:12 UTC,240,240,false,
1161115022,121,308,2017-02-23 16:17:30 UTC,240,240,false,
1161115022,121,308,2017-02-23 16:21:11 UTC,241,240,true,
1161115022,121,308,2017-02-23 16:21:06 UTC,241,240,true,
1161115022,121,308,2017-02-23 17:08:34 UTC,241,240,true,
1161115022,121,308,2017-02-23 17:36:16 UTC,240,240,false,
1161115022,121,308,2017-02-23 17:36:13 UTC,240,240,false,
1161115022,121,308,2017-02-23 17:29:39 UTC,240,240,false,
1161115022,121,308,2017-02-23 17:36:56 UTC,241,240,true,
1161115022,121,308,2017-02-23 17:36:19 UTC,241,240,true,
1161115022,121,308,2017-02-23 17:25:44 UTC,240,240,false,
1161115022,121,308,2017-02-23 17:25:52 UTC,241,240,true,
1161115022,121,308,2017-02-23 17:30:13 UTC,241,240,true,
1161115022,121,308,2017-02-23 17:07:21 UTC,241,240,true,
1161115022,121,308,2017-02-23 17:36:24 UTC,240,240,false,
1161115022,121,308,2017-02-23 17:07:03 UTC,240,240,false,
1161115022,121,308,2017-02-23 17:37:52 UTC,240,240,false,
1161115022,121,308,2017-02-23 17:08:33 UTC,240,240,false,
1161115022,121,308,2017-02-23 17:36:15 UTC,241,240,true,
1161115022,121,308,2017-02-23 17:06:55 UTC,241,240,true,
1161115022,121,308,2017-02-23 17:52:12 UTC,241,240,true,
1161115022,121,308,2017-02-23 18:01:16 UTC,241,240,true,
1161115022,121,308,2017-02-23 17:52:02 UTC,240,240,false,
1161115022,121,308,2017-02-23 18:16:05 UTC,241,240,true,
1161115022,121,308,2017-02-23 17:52:39 UTC,241,240,true,
1161115022,121,308,2017-02-23 17:52:00 UTC,241,240,true,
1161115022,121,308,2017-02-23 18:16:01 UTC,241,240,true,
1161115022,121,308,2017-02-23 17:52:13 UTC,240,240,false,
1161115022,121,308,2017-02-23 18:01:41 UTC,240,240,false,
1161115022,121,308,2017-02-23 18:16:04 UTC,240,240,false,
1161115022,121,308,2017-02-23 17:52:42 UTC,240,240,false,
1161115022,121,308,2017-02-23 18:16:06 UTC,240,240,false,
1161115022,121,308,2017-02-23 18:16:00 UTC,240,240,false,
1161115022,121,308,2017-02-23 18:15:36 UTC,241,240,true,
1161115022,121,308,2017-02-23 19:41:52 UTC,241,240,true,
1161115022,121,308,2017-02-23 19:18:35 UTC,240,240,false,
1161115022,121,308,2017-02-23 19:41:39 UTC,241,240,true,
1161115022,121,308,2017-02-23 19:41:51 UTC,240,240,false,
1161115022,121,308,2017-02-23 19:41:56 UTC,240,240,false,
1161115022,121,308,2017-02-23 19:18:23 UTC,241,240,true,
1161115022,121,308,2017-02-23 19:44:51 UTC,241,240,true,
1161115022,121,308,2017-02-23 20:27:36 UTC,240,240,false,
1161115022,121,308,2017-02-23 20:27:50 UTC,240,240,false,
1161115022,121,308,2017-02-23 19:42:36 UTC,241,240,true,
1161115022,121,308,2017-02-23 19:44:29 UTC,240,240,false,
1161115022,121,308,2017-02-23 19:45:00 UTC,240,240,false,
1161115022,121,308,2017-02-23 20:27:36 UTC,241,240,true,
1161115022,121,308,2017-02-23 19:44:55 UTC,240,240,false,
1161115022,121,308,2017-02-23 20:27:28 UTC,241,240,true,
1161115022,121,308,2017-02-23 20:27:28 UTC,240,240,false,
1161115022,121,308,2017-02-23 19:45:37 UTC,241,240,true,
1161115022,121,308,2017-02-23 19:46:16 UTC,240,240,false,
1161115022,121,308,2017-02-23 20:27:44 UTC,241,240,true,
1161115022,121,308,2017-02-23 19:44:59 UTC,241,240,true,
1161115022,121,308,2017-02-23 19:44:52 UTC,240,240,false,
1161115022,121,308,2017-02-23 19:44:55 UTC,241,240,true,
1161115022,121,308,2017-02-23 23:41:30 UTC,241,240,true,
1161115022,121,308,2017-02-23 23:42:10 UTC,241,240,true,
1161115022,121,308,2017-02-23 23:42:20 UTC,240,240,false,
1161115022,121,308,2017-02-23 23:41:35 UTC,241,240,true,
1161115022,121,308,2017-02-23 23:43:13 UTC,240,240,false,
1161115022,121,308,2017-02-23 23:41:47 UTC,241,240,true,
1161115022,121,308,2017-02-23 23:41:13 UTC,241,240,true,
1161115022,121,308,2017-02-23 23:42:05 UTC,241,240,true,
1161115022,121,308,2017-02-23 23:42:31 UTC,241,240,true,
1161115022,121,308,2017-02-23 23:41:42 UTC,241,240,true,
1161115022,121,308,2017-02-23 23:41:34 UTC,240,240,false,
1161115022,121,308,2017-02-23 23:43:23 UTC,240,240,false,
1161115022,121,308,2017-02-23 23:41:34 UTC,241,240,true,
1161115022,121,308,2017-02-23 23:42:02 UTC,241,240,true,
1161115022,121,308,2017-02-23 23:39:24 UTC,241,240,true,
1161115022,121,308,2017-02-23 23:42:10 UTC,240,240,false,
1161115022,121,308,2017-02-23 23:41:59 UTC,240,240,false,
1161115022,121,308,2017-02-23 23:42:29 UTC,240,240,false,
1161115022,121,308,2017-02-23 23:42:13 UTC,241,240,true,
1161115022,121,308,2017-02-23 23:41:31 UTC,240,240,false,
1161115022,121,308,2017-02-23 23:41:12 UTC,240,240,false,
1161115022,121,308,2017-02-23 23:42:27 UTC,241,240,true,
1161115022,121,308,2017-02-23 23:41:41 UTC,240,240,false,
1161115022,121,308,2017-02-23 23:42:03 UTC,240,240,false,
1161115022,121,308,2017-02-23 23:41:27 UTC,240,240,false,
1161115022,121,308,2017-02-23 23:40:44 UTC,240,240,false,
1161115022,121,308,2017-02-23 23:41:44 UTC,240,240,false,
1161115022,121,308,2017-02-23 23:42:08 UTC,240,240,false,
1161115022,121,308,2017-02-23 23:40:55 UTC,241,240,true,
1161115022,121,308,2017-02-23 23:43:14 UTC,241,240,true,
1161115022,152,317,2017-02-24 01:38:17 UTC,999990,0,false,
1161115022,153,319,2017-02-24 01:38:32 UTC,999990,1,false,
1161115022,152,317,2017-02-24 01:19:22 UTC,999991,0,true,
1161115022,153,319,2017-02-24 01:38:59 UTC,999990,1,false,
1161115022,153,319,2017-02-24 01:19:37 UTC,999990,1,false,
1161115022,152,317,2017-02-24 01:39:05 UTC,999990,0,false,
1161115022,153,319,2017-02-24 01:38:38 UTC,999991,1,true,
1161115022,153,319,2017-02-24 01:38:11 UTC,999991,1,true,
1161115022,152,317,2017-02-24 01:38:55 UTC,999991,0,true,
1161115022,153,319,2017-02-24 01:38:37 UTC,999990,1,false,
1161115022,153,319,2017-02-24 01:38:32 UTC,999991,1,true,
1161115022,153,319,2017-02-24 01:19:24 UTC,999991,1,true,
1161115022,121,308,2017-02-24 15:27:09 UTC,240,240,false,
1161115022,121,308,2017-02-24 15:37:46 UTC,240,240,false,
1161115022,121,308,2017-02-24 15:40:23 UTC,240,240,false,
1161115022,121,308,2017-02-24 15:24:33 UTC,240,240,false,
1161115022,121,308,2017-02-24 15:59:44 UTC,240,240,false,
1161115022,121,308,2017-02-24 15:37:28 UTC,241,240,true,
1161115022,121,308,2017-02-24 15:56:47 UTC,240,240,false,
1161115022,121,308,2017-02-24 15:37:56 UTC,240,240,false,
1161115022,121,308,2017-02-24 15:24:33 UTC,241,240,true,
1161115022,121,308,2017-02-24 15:41:24 UTC,241,240,true,
1161115022,121,308,2017-02-24 15:35:45 UTC,241,240,true,
1161115022,121,308,2017-02-24 16:01:03 UTC,240,240,false,
1161115022,121,308,2017-02-24 16:01:39 UTC,240,240,false,
1161115022,121,308,2017-02-24 15:24:00 UTC,241,240,true,
1161115022,121,308,2017-02-24 16:01:11 UTC,241,240,true,
1161115022,121,308,2017-02-24 16:00:37 UTC,241,240,true,
1161115022,121,308,2017-02-24 15:59:40 UTC,241,240,true,
1161115022,121,308,2017-02-24 15:35:55 UTC,240,240,false,
1161115022,121,308,2017-02-24 15:24:31 UTC,241,240,true,
1161115022,121,308,2017-02-24 15:34:39 UTC,241,240,true,
1161115022,121,308,2017-02-24 15:34:34 UTC,240,240,false,
1161115022,121,308,2017-02-24 16:01:35 UTC,241,240,true,
1161115022,121,308,2017-02-24 15:34:45 UTC,240,240,false,
1161115022,121,308,2017-02-24 15:39:36 UTC,240,240,false,
1161115022,121,308,2017-02-24 15:34:42 UTC,240,240,false,
1161115022,121,308,2017-02-24 15:37:56 UTC,241,240,true,
1161115022,121,308,2017-02-24 15:39:43 UTC,241,240,true,
1161115022,121,308,2017-02-24 15:39:33 UTC,241,240,true,
1161115022,121,308,2017-02-24 15:37:49 UTC,241,240,true,
1161115022,121,308,2017-02-24 16:01:43 UTC,241,240,true,
1161115022,121,308,2017-02-24 15:36:50 UTC,241,240,true,
1161115022,121,308,2017-02-24 15:41:26 UTC,240,240,false,
1161115022,121,308,2017-02-24 15:40:09 UTC,241,240,true,
1161115022,121,308,2017-02-24 16:01:20 UTC,240,240,false,
1161115022,121,308,2017-02-24 15:41:11 UTC,241,240,true,
1161115022,121,308,2017-02-24 15:41:05 UTC,240,240,false,
1161115022,121,308,2017-02-24 15:24:19 UTC,241,240,true,
1161115022,121,308,2017-02-24 15:37:03 UTC,241,240,true,
1161115022,121,308,2017-02-24 15:24:24 UTC,240,240,false,
1161115022,121,308,2017-02-24 15:40:28 UTC,241,240,true,
1161115022,121,308,2017-02-24 15:38:44 UTC,241,240,true,
1161115022,121,308,2017-02-24 15:24:47 UTC,240,240,false,
1161115022,121,308,2017-02-24 15:24:45 UTC,240,240,false,
1161115022,121,308,2017-02-24 15:24:46 UTC,241,240,true,
1161115022,121,308,2017-02-24 15:39:32 UTC,240,240,false,
1161115022,121,308,2017-02-24 15:24:49 UTC,241,240,true,
1161115022,121,308,2017-02-24 15:35:38 UTC,241,240,true,
1161115022,121,308,2017-02-24 15:37:55 UTC,240,240,false,
1161115022,121,308,2017-02-24 15:34:29 UTC,241,240,true,
1161115022,121,308,2017-02-24 15:41:15 UTC,241,240,true,
1161115022,121,308,2017-02-24 15:36:52 UTC,240,240,false,
1161115022,121,308,2017-02-24 15:37:09 UTC,240,240,false,
1161115022,121,308,2017-02-24 15:34:44 UTC,241,240,true,
1161115022,121,308,2017-02-24 15:24:10 UTC,240,240,false,
1161115022,121,308,2017-02-24 15:41:12 UTC,240,240,false,
1161115022,121,308,2017-02-24 15:41:20 UTC,240,240,false,
1161115022,121,308,2017-02-24 15:39:44 UTC,240,240,false,
1161115022,121,308,2017-02-24 15:53:11 UTC,241,240,true,
1161115022,121,308,2017-02-24 15:35:39 UTC,240,240,false,
1161115022,121,308,2017-02-24 16:11:48 UTC,241,240,true,
1161115022,121,308,2017-02-24 16:11:36 UTC,240,240,false,
1161115022,121,308,2017-02-24 16:11:49 UTC,240,240,false,
1161115022,121,308,2017-02-24 16:29:01 UTC,240,240,false,
1161115022,121,308,2017-02-24 16:11:56 UTC,241,240,true,
1161115022,121,308,2017-02-24 18:01:27 UTC,240,240,false,
1161115022,121,308,2017-02-24 17:59:21 UTC,241,240,true,
1161115022,121,308,2017-02-24 18:00:54 UTC,240,240,false,
1161115022,121,308,2017-02-24 18:01:33 UTC,241,240,true,
1161115022,121,308,2017-02-24 18:01:39 UTC,240,240,false,
1161115022,121,308,2017-02-24 17:45:05 UTC,240,240,false,
1161115022,121,308,2017-02-24 17:43:59 UTC,241,240,true,
1161115022,121,308,2017-02-24 18:01:00 UTC,241,240,true,
1161115022,121,308,2017-02-24 19:04:43 UTC,240,240,false,
1161115022,121,308,2017-02-24 18:19:08 UTC,241,240,true,
1161115022,121,308,2017-02-24 18:36:36 UTC,240,240,false,
1161115022,121,308,2017-02-24 18:26:45 UTC,240,240,false,
1161115022,121,308,2017-02-24 18:17:44 UTC,240,240,false,
1161115022,121,308,2017-02-24 18:20:35 UTC,241,240,true,
1161115022,121,308,2017-02-24 18:26:39 UTC,241,240,true,
1161115022,121,308,2017-02-24 19:01:47 UTC,241,240,true,
1161115022,121,308,2017-02-24 18:17:33 UTC,240,240,false,
1161115022,121,308,2017-02-24 18:26:51 UTC,241,240,true,
1161115022,121,308,2017-02-24 18:17:45 UTC,240,240,false,
1161115022,121,308,2017-02-24 18:19:39 UTC,240,240,false,
1161115022,121,308,2017-02-24 18:37:45 UTC,241,240,true,
1161115022,121,308,2017-02-24 18:37:05 UTC,241,240,true,
1161115022,121,308,2017-02-24 19:03:35 UTC,241,240,true,
1161115022,121,308,2017-02-24 18:53:29 UTC,241,240,true,
1161115022,121,308,2017-02-24 18:36:28 UTC,240,240,false,
1161115022,121,308,2017-02-24 18:17:44 UTC,241,240,true,
1161115022,121,308,2017-02-24 18:16:19 UTC,241,240,true,
1161115022,121,308,2017-02-24 18:20:31 UTC,240,240,false,
1161115022,121,308,2017-02-24 18:27:34 UTC,240,240,false,
1161115022,121,308,2017-02-24 18:37:50 UTC,240,240,false,
1161115022,121,308,2017-02-24 18:21:23 UTC,240,240,false,
1161115022,121,308,2017-02-24 18:21:13 UTC,240,240,false,
1161115022,121,308,2017-02-24 19:02:34 UTC,240,240,false,
1161115022,121,308,2017-02-24 19:02:35 UTC,241,240,true,
1161115022,121,308,2017-02-24 18:36:30 UTC,241,240,true,
1161115022,121,308,2017-02-24 18:40:08 UTC,241,240,true,
1161115022,121,308,2017-02-24 18:17:41 UTC,241,240,true,
1161115022,121,308,2017-02-24 19:04:35 UTC,240,240,false,
1161115022,121,308,2017-02-24 18:38:13 UTC,241,240,true,
1161115022,121,308,2017-02-24 18:21:16 UTC,241,240,true,
1161115022,121,308,2017-02-24 18:19:00 UTC,240,240,false,
1161115022,121,308,2017-02-24 18:21:55 UTC,241,240,true,
1161115022,121,308,2017-02-24 18:36:09 UTC,241,240,true,
1161115022,121,308,2017-02-24 18:27:02 UTC,241,240,true,
1161115022,121,308,2017-02-24 18:22:12 UTC,240,240,false,
1161115022,121,308,2017-02-24 18:21:28 UTC,241,240,true,
1161115022,121,308,2017-02-24 19:01:53 UTC,240,240,false,
1161115022,121,308,2017-02-24 19:03:34 UTC,240,240,false,
1161115022,121,308,2017-02-24 18:40:03 UTC,240,240,false,
1161115022,121,308,2017-02-24 18:18:29 UTC,241,240,true,
1161115022,121,308,2017-02-24 18:27:08 UTC,241,240,true,
1161115022,121,308,2017-02-24 19:00:55 UTC,240,240,false,
1161115022,121,308,2017-02-24 19:04:37 UTC,241,240,true,
1161115022,121,308,2017-02-24 18:37:20 UTC,240,240,false,
1161115022,121,308,2017-02-24 18:45:29 UTC,240,240,false,
1161115022,121,308,2017-02-24 18:37:04 UTC,240,240,false,
1161115022,121,308,2017-02-24 18:19:45 UTC,241,240,true,
1161115022,121,308,2017-02-24 18:21:54 UTC,240,240,false,
1161115022,121,308,2017-02-24 18:27:05 UTC,240,240,false,
1161115022,121,308,2017-02-24 19:02:33 UTC,241,240,true,
1161115022,121,308,2017-02-24 18:36:43 UTC,241,240,true,
1161115022,121,308,2017-02-24 18:26:52 UTC,240,240,false,
1161115022,121,308,2017-02-24 19:25:57 UTC,240,240,false,
1161115022,121,308,2017-02-24 19:21:27 UTC,240,240,false,
1161115022,121,308,2017-02-24 19:10:30 UTC,240,240,false,
1161115022,121,308,2017-02-24 19:57:46 UTC,240,240,false,
1161115022,121,308,2017-02-24 19:49:43 UTC,241,240,true,
1161115022,121,308,2017-02-24 19:52:43 UTC,240,240,false,
1161115022,121,308,2017-02-24 19:10:25 UTC,241,240,true,
1161115022,121,308,2017-02-24 19:25:04 UTC,240,240,false,
1161115022,121,308,2017-02-24 19:50:53 UTC,240,240,false,
1161115022,121,308,2017-02-24 19:38:49 UTC,241,240,true,
1161115022,121,308,2017-02-24 19:45:17 UTC,241,240,true,
1161115022,121,308,2017-02-24 19:43:27 UTC,241,240,true,
1161115022,121,308,2017-02-24 19:10:32 UTC,241,240,true,
1161115022,121,308,2017-02-24 20:04:22 UTC,240,240,false,
1161115022,121,308,2017-02-24 20:01:23 UTC,240,240,false,
1161115022,121,308,2017-02-24 19:34:29 UTC,240,240,false,
1161115022,121,308,2017-02-24 19:44:13 UTC,240,240,false,
1161115022,121,308,2017-02-24 19:25:07 UTC,241,240,true,
1161115022,121,308,2017-02-24 19:27:33 UTC,241,240,true,
1161115022,121,308,2017-02-24 19:13:55 UTC,241,240,true,
1161115022,121,308,2017-02-24 19:10:36 UTC,241,240,true,
1161115022,121,308,2017-02-24 19:33:26 UTC,240,240,false,
1161115022,121,308,2017-02-24 19:21:46 UTC,240,240,false,
1161115022,121,308,2017-02-24 19:24:27 UTC,241,240,true,
1161115022,121,308,2017-02-24 19:53:27 UTC,241,240,true,
1161115022,121,308,2017-02-24 20:02:21 UTC,241,240,true,
1161115022,121,308,2017-02-24 19:12:48 UTC,241,240,true,
1161115022,121,308,2017-02-24 19:45:32 UTC,240,240,false,
1161115022,121,308,2017-02-24 19:22:05 UTC,241,240,true,
1161115022,121,308,2017-02-24 19:43:25 UTC,241,240,true,
1161115022,121,308,2017-02-24 20:01:25 UTC,240,240,false,
1161115022,121,308,2017-02-24 19:49:46 UTC,241,240,true,
1161115022,121,308,2017-02-24 19:24:44 UTC,240,240,false,
1161115022,121,308,2017-02-24 19:49:39 UTC,240,240,false,
1161115022,121,308,2017-02-24 19:24:53 UTC,241,240,true,
1161115022,121,308,2017-02-24 19:53:30 UTC,241,240,true,
1161115022,121,308,2017-02-24 19:43:34 UTC,241,240,true,
1161115022,121,308,2017-02-24 19:33:34 UTC,240,240,false,
1161115022,121,308,2017-02-24 19:13:58 UTC,241,240,true,
1161115022,121,308,2017-02-24 19:46:36 UTC,241,240,true,
1161115022,121,308,2017-02-24 19:19:54 UTC,240,240,false,
1161115022,121,308,2017-02-24 19:53:25 UTC,240,240,false,
1161115022,121,308,2017-02-24 19:26:56 UTC,240,240,false,
1161115022,121,308,2017-02-24 19:13:53 UTC,240,240,false,
1161115022,121,308,2017-02-24 19:52:03 UTC,240,240,false,
1161115022,121,308,2017-02-24 19:21:43 UTC,241,240,true,
1161115022,121,308,2017-02-24 20:01:42 UTC,240,240,false,
1161115022,121,308,2017-02-24 19:24:28 UTC,240,240,false,
1161115022,121,308,2017-02-24 19:26:55 UTC,241,240,true,
1161115022,121,308,2017-02-24 19:52:53 UTC,241,240,true,
1161115022,121,308,2017-02-24 19:53:14 UTC,240,240,false,
1161115022,121,308,2017-02-24 19:25:46 UTC,240,240,false,
1161115022,121,308,2017-02-24 19:10:30 UTC,241,240,true,
1161115022,121,308,2017-02-24 20:01:46 UTC,240,240,false,
1161115022,121,308,2017-02-24 19:34:09 UTC,240,240,false,
1161115022,121,308,2017-02-24 19:43:33 UTC,240,240,false,
1161115022,121,308,2017-02-24 19:43:35 UTC,240,240,false,
1161115022,121,308,2017-02-24 19:43:26 UTC,240,240,false,
1161115022,121,308,2017-02-24 19:53:10 UTC,241,240,true,
1161115022,121,308,2017-02-24 19:13:57 UTC,240,240,false,
1161115022,121,308,2017-02-24 19:24:44 UTC,241,240,true,
1161115022,121,308,2017-02-24 19:10:26 UTC,240,240,false,
1161115022,121,308,2017-02-24 19:22:23 UTC,241,240,true,
1161115022,121,308,2017-02-24 19:10:29 UTC,240,240,false,
1161115022,121,308,2017-02-24 19:22:54 UTC,240,240,false,
1161115022,121,308,2017-02-24 19:21:14 UTC,241,240,true,
1161115022,121,308,2017-02-24 19:24:52 UTC,240,240,false,
1161115022,121,308,2017-02-24 19:24:50 UTC,241,240,true,
1161115022,121,308,2017-02-24 19:10:37 UTC,240,240,false,
1161115022,121,308,2017-02-24 19:49:41 UTC,241,240,true,
1161115022,121,308,2017-02-24 19:49:42 UTC,240,240,false,
1161115022,121,308,2017-02-24 19:26:33 UTC,240,240,false,
1161115022,121,308,2017-02-24 19:24:38 UTC,240,240,false,
1161115022,121,308,2017-02-24 19:25:09 UTC,241,240,true,
1161115022,121,308,2017-02-24 19:25:47 UTC,241,240,true,
1161115022,121,308,2017-02-24 19:39:01 UTC,240,240,false,
1161115022,121,308,2017-02-24 19:57:40 UTC,241,240,true,
1161115022,121,308,2017-02-24 19:24:47 UTC,241,240,true,
1161115022,121,308,2017-02-24 19:10:39 UTC,241,240,true,
1161115022,121,308,2017-02-24 19:10:34 UTC,240,240,false,
1161115022,121,308,2017-02-24 19:43:50 UTC,241,240,true,
1161115022,121,308,2017-02-24 19:43:19 UTC,240,240,false,
1161115022,121,308,2017-02-24 19:20:00 UTC,241,240,true,
1161115022,121,308,2017-02-24 19:24:36 UTC,241,240,true,
1161115022,121,308,2017-02-24 19:07:28 UTC,240,240,false,
1161115022,121,308,2017-02-24 19:33:35 UTC,241,240,true,
1161115022,121,308,2017-02-24 19:19:31 UTC,240,240,false,
1161115022,121,308,2017-02-24 20:01:24 UTC,241,240,true,
1161115022,121,308,2017-02-24 20:01:41 UTC,241,240,true,
1161115022,121,308,2017-02-24 19:10:52 UTC,241,240,true,
1161115022,121,308,2017-02-24 20:01:43 UTC,241,240,true,
1161115022,121,308,2017-02-24 19:10:59 UTC,240,240,false,
1161115022,121,308,2017-02-24 19:33:32 UTC,241,240,true,
1161115022,121,308,2017-02-24 19:11:08 UTC,240,240,false,
1161115022,121,308,2017-02-24 19:11:07 UTC,241,240,true,
1161115022,121,308,2017-02-24 19:53:29 UTC,240,240,false,
1161115022,121,308,2017-02-24 20:01:14 UTC,241,240,true,
1161115022,121,308,2017-02-24 19:53:01 UTC,240,240,false,
1161115022,121,308,2017-02-24 19:10:52 UTC,240,240,false,
1161115022,121,308,2017-02-24 19:34:23 UTC,241,240,true,
1161115022,121,308,2017-02-24 19:21:07 UTC,240,240,false,
1161115022,121,308,2017-02-24 19:53:19 UTC,241,240,true,
1161115022,121,308,2017-02-24 19:49:44 UTC,240,240,false,
1161115022,121,308,2017-02-24 19:19:32 UTC,241,240,true,
1161115022,121,308,2017-02-24 19:34:08 UTC,241,240,true,
1161115022,121,308,2017-02-24 19:26:27 UTC,241,240,true,
1161115022,121,308,2017-02-24 19:33:50 UTC,241,240,true,
1161115022,121,308,2017-02-24 19:52:36 UTC,241,240,true,
1161115022,121,308,2017-02-24 19:55:43 UTC,240,240,false,
1161115022,121,308,2017-02-24 19:50:56 UTC,241,240,true,
1161115022,121,308,2017-02-24 19:33:49 UTC,240,240,false,
1161115022,121,308,2017-02-24 19:22:13 UTC,240,240,false,
1161115022,121,308,2017-02-24 19:25:07 UTC,240,240,false,
1161115022,121,308,2017-02-24 19:22:04 UTC,240,240,false,
1161115022,121,308,2017-02-24 19:24:39 UTC,241,240,true,
1161115022,121,308,2017-02-24 19:24:48 UTC,240,240,false,
1161115022,121,308,2017-02-24 19:52:08 UTC,241,240,true,
1161115022,121,308,2017-02-24 19:24:40 UTC,240,240,false,
1161115022,121,308,2017-02-24 19:41:16 UTC,241,240,true,
1161115022,121,308,2017-02-24 19:52:08 UTC,240,240,false,
1161115022,121,308,2017-02-24 19:10:28 UTC,241,240,true,
1161115022,121,308,2017-02-24 19:07:22 UTC,241,240,true,
1161115022,121,308,2017-02-24 19:21:49 UTC,241,240,true,
1161115022,121,308,2017-02-24 19:34:05 UTC,240,240,false,
1161115022,121,308,2017-02-24 20:31:20 UTC,240,240,false,
1161115022,121,308,2017-02-24 20:08:35 UTC,241,240,true,
1161115022,121,308,2017-02-24 20:27:11 UTC,240,240,false,
1161115022,121,308,2017-02-24 20:51:24 UTC,240,240,false,
1161115022,121,308,2017-02-24 20:12:52 UTC,241,240,true,
1161115022,121,308,2017-02-24 20:51:08 UTC,241,240,true,
1161115022,121,308,2017-02-24 20:18:45 UTC,241,240,true,
1161115022,121,308,2017-02-24 20:39:05 UTC,240,240,false,
1161115022,121,308,2017-02-24 20:18:38 UTC,241,240,true,
1161115022,121,308,2017-02-24 20:31:16 UTC,241,240,true,
1161115022,121,308,2017-02-24 20:40:14 UTC,241,240,true,
1161115022,121,308,2017-02-24 20:19:02 UTC,240,240,false,
1161115022,121,308,2017-02-24 20:50:07 UTC,240,240,false,
1161115022,121,308,2017-02-24 20:27:02 UTC,241,240,true,
1161115022,121,308,2017-02-24 20:08:34 UTC,240,240,false,
1161115022,121,308,2017-02-24 20:19:12 UTC,240,240,false,
1161115022,121,308,2017-02-24 20:31:21 UTC,241,240,true,
1161115022,121,308,2017-02-24 20:38:12 UTC,240,240,false,
1161115022,121,308,2017-02-24 20:51:10 UTC,241,240,true,
1161115022,121,308,2017-02-24 20:29:49 UTC,241,240,true,
1161115022,121,308,2017-02-24 20:50:33 UTC,240,240,false,
1161115022,121,308,2017-02-24 20:52:25 UTC,240,240,false,
1161115022,121,308,2017-02-24 20:28:21 UTC,240,240,false,
1161115022,121,308,2017-02-24 20:46:08 UTC,241,240,true,
1161115022,121,308,2017-02-24 20:12:52 UTC,240,240,false,
1161115022,121,308,2017-02-24 20:51:32 UTC,241,240,true,
1161115022,121,308,2017-02-24 20:12:44 UTC,240,240,false,
1161115022,121,308,2017-02-24 20:19:05 UTC,241,240,true,
1161115022,121,308,2017-02-24 20:52:02 UTC,240,240,false,
1161115022,121,308,2017-02-24 20:31:37 UTC,240,240,false,
1161115022,121,308,2017-02-24 20:23:02 UTC,241,240,true,
1161115022,121,308,2017-02-24 20:11:47 UTC,240,240,false,
1161115022,121,308,2017-02-24 20:52:24 UTC,240,240,false,
1161115022,121,308,2017-02-24 20:57:45 UTC,240,240,false,
1161115022,121,308,2017-02-24 20:18:40 UTC,240,240,false,
1161115022,121,308,2017-02-24 20:45:21 UTC,241,240,true,
1161115022,121,308,2017-02-24 20:21:57 UTC,240,240,false,
1161115022,121,308,2017-02-24 20:45:22 UTC,240,240,false,
1161115022,121,308,2017-02-24 20:50:27 UTC,240,240,false,
1161115022,121,308,2017-02-24 20:08:33 UTC,241,240,true,
1161115022,121,308,2017-02-24 20:50:28 UTC,240,240,false,
1161115022,121,308,2017-02-24 20:28:16 UTC,241,240,true,
1161115022,121,308,2017-02-24 20:22:05 UTC,240,240,false,
1161115022,121,308,2017-02-24 20:48:07 UTC,241,240,true,
1161115022,121,308,2017-02-24 20:08:41 UTC,240,240,false,
1161115022,121,308,2017-02-24 20:12:44 UTC,241,240,true,
1161115022,121,308,2017-02-24 20:51:18 UTC,241,240,true,
1161115022,121,308,2017-02-24 20:51:05 UTC,241,240,true,
1161115022,121,308,2017-02-24 20:13:04 UTC,241,240,true,
1161115022,121,308,2017-02-24 20:12:51 UTC,240,240,false,
1161115022,121,308,2017-02-24 20:50:36 UTC,241,240,true,
1161115022,121,308,2017-02-24 20:52:22 UTC,240,240,false,
1161115022,121,308,2017-02-24 20:41:22 UTC,240,240,false,
1161115022,121,308,2017-02-24 20:46:56 UTC,241,240,true,
1161115022,121,308,2017-02-24 20:22:52 UTC,241,240,true,
1161115022,121,308,2017-02-24 20:12:55 UTC,241,240,true,
1161115022,121,308,2017-02-24 20:13:06 UTC,240,240,false,
1161115022,121,308,2017-02-24 20:12:31 UTC,240,240,false,
1161115022,121,308,2017-02-24 20:12:43 UTC,241,240,true,
1161115022,121,308,2017-02-24 20:51:06 UTC,240,240,false,
1161115022,121,308,2017-02-24 20:52:21 UTC,241,240,true,
1161115022,121,308,2017-02-24 20:50:08 UTC,241,240,true,
1161115022,121,308,2017-02-24 20:38:04 UTC,241,240,true,
1161115022,121,308,2017-02-24 20:38:13 UTC,241,240,true,
1161115022,121,308,2017-02-24 20:50:59 UTC,240,240,false,
1161115022,121,308,2017-02-24 20:21:59 UTC,241,240,true,
1161115022,121,308,2017-02-24 20:47:03 UTC,240,240,false,
1161115022,121,308,2017-02-24 20:52:23 UTC,241,240,true,
1161115022,121,308,2017-02-24 20:23:20 UTC,240,240,false,
1161115022,121,308,2017-02-24 20:50:30 UTC,241,240,true,
1161115022,121,308,2017-02-24 20:12:22 UTC,241,240,true,
1161115022,121,308,2017-02-24 20:31:15 UTC,240,240,false,
1161115022,121,308,2017-02-24 20:57:45 UTC,241,240,true,
1161115022,121,308,2017-02-24 20:57:44 UTC,240,240,false,
1161115022,121,308,2017-02-24 20:10:18 UTC,241,240,true,
1161115022,121,308,2017-02-24 20:51:09 UTC,240,240,false,
1161115022,121,308,2017-02-24 20:22:53 UTC,240,240,false,
1161115022,121,308,2017-02-24 20:52:25 UTC,241,240,true,
1161115022,121,308,2017-02-24 20:51:35 UTC,240,240,false,
1161115022,121,308,2017-02-24 20:46:11 UTC,240,240,false,
1161115022,121,308,2017-02-24 20:10:16 UTC,241,240,true,
1161115022,121,308,2017-02-24 20:32:17 UTC,240,240,false,
1161115022,121,308,2017-02-24 20:50:27 UTC,241,240,true,
1161115022,121,308,2017-02-24 20:12:55 UTC,240,240,false,
1161115022,121,308,2017-02-24 20:51:12 UTC,240,240,false,
1161115022,121,308,2017-02-24 20:51:59 UTC,241,240,true,
1161115022,121,308,2017-02-24 20:10:18 UTC,240,240,false,
1161115022,121,308,2017-02-24 20:52:26 UTC,241,240,true,
1161115022,121,308,2017-02-24 20:19:12 UTC,241,240,true,
1161115022,121,308,2017-02-24 20:31:38 UTC,241,240,true,
1161115022,121,308,2017-02-25 00:07:37 UTC,241,240,true,
1161115022,121,308,2017-02-25 00:08:00 UTC,241,240,true,
1161115022,121,308,2017-02-25 00:03:12 UTC,241,240,true,
1161115022,121,308,2017-02-25 00:04:49 UTC,241,240,true,
1161115022,121,308,2017-02-25 00:07:34 UTC,240,240,false,
1161115022,121,308,2017-02-25 00:04:50 UTC,241,240,true,
1161115022,121,308,2017-02-25 00:09:24 UTC,241,240,true,
1161115022,121,308,2017-02-25 00:08:09 UTC,241,240,true,
1161115022,121,308,2017-02-25 00:03:50 UTC,241,240,true,
1161115022,121,308,2017-02-25 00:10:53 UTC,240,240,false,
1161115022,121,308,2017-02-25 00:09:29 UTC,240,240,false,
1161115022,121,308,2017-02-25 00:07:49 UTC,240,240,false,
1161115022,121,308,2017-02-25 00:09:26 UTC,240,240,false,
1161115022,121,308,2017-02-25 00:10:48 UTC,241,240,true,
1161115022,121,308,2017-02-25 00:04:29 UTC,241,240,true,
1161115022,121,308,2017-02-25 00:04:17 UTC,241,240,true,
1161115022,121,308,2017-02-25 00:08:19 UTC,240,240,false,
1161115022,121,308,2017-02-25 00:08:05 UTC,240,240,false,
1161115022,121,308,2017-02-25 00:03:18 UTC,240,240,false,
1161115022,121,308,2017-02-25 00:04:49 UTC,240,240,false,
1161115022,121,308,2017-02-25 00:03:54 UTC,241,240,true,
1161115022,121,308,2017-02-25 00:07:39 UTC,241,240,true,
1161115022,121,308,2017-02-25 00:04:00 UTC,240,240,false,
1161115022,121,308,2017-02-25 00:03:43 UTC,240,240,false,
1161115022,121,308,2017-02-25 00:04:51 UTC,240,240,false,
1161115022,121,308,2017-02-25 00:07:32 UTC,241,240,true,
1161115022,121,308,2017-02-25 00:04:33 UTC,240,240,false,
1161115022,121,308,2017-02-25 00:04:47 UTC,241,240,true,
1161115022,121,308,2017-02-25 00:04:23 UTC,240,240,false,
1161115022,121,308,2017-02-25 00:03:23 UTC,241,240,true,
1161115022,121,308,2017-02-25 00:09:28 UTC,241,240,true,
1161115022,121,308,2017-02-25 00:07:39 UTC,240,240,false,
1161115022,121,308,2017-02-25 00:04:48 UTC,240,240,false,
1161115022,121,308,2017-02-25 00:03:53 UTC,240,240,false,
1161115022,121,308,2017-02-25 00:14:56 UTC,241,240,true,
1161115022,121,308,2017-02-25 00:13:39 UTC,241,240,true,
1161115022,121,308,2017-02-25 00:19:35 UTC,240,240,false,
1161115022,121,308,2017-02-25 00:19:27 UTC,241,240,true,
1161115022,121,308,2017-02-25 00:13:42 UTC,240,240,false,
1161115022,121,308,2017-02-25 00:15:39 UTC,241,240,true,
1161115022,121,308,2017-02-25 00:19:17 UTC,240,240,false,
1161115022,121,308,2017-02-25 00:19:24 UTC,241,240,true,
1161115022,121,308,2017-02-25 00:19:28 UTC,240,240,false,
1161115022,121,308,2017-02-25 00:16:03 UTC,240,240,false,
1161115022,121,308,2017-02-25 00:19:13 UTC,241,240,true,
1161115022,121,308,2017-02-25 00:15:29 UTC,240,240,false,
1161115022,121,308,2017-02-25 00:19:26 UTC,240,240,false,
1161115022,121,308,2017-02-25 00:19:32 UTC,241,240,true,
1161115022,121,308,2017-02-25 02:51:33 UTC,241,240,true,
1161115022,121,308,2017-02-25 02:51:35 UTC,240,240,false,
1161115022,121,308,2017-02-25 04:08:42 UTC,241,240,true,
1161115022,121,308,2017-02-25 04:09:22 UTC,240,240,false,
1161115022,121,308,2017-02-25 04:08:56 UTC,241,240,true,
1161115022,121,308,2017-02-25 04:08:47 UTC,240,240,false,
1161115022,121,308,2017-02-25 04:09:41 UTC,240,240,false,
1161115022,121,308,2017-02-25 04:09:25 UTC,241,240,true,
1161115022,121,308,2017-02-25 04:08:05 UTC,240,240,false,
1161115022,121,308,2017-02-25 04:08:01 UTC,241,240,true,
1161115022,121,308,2017-02-25 04:30:52 UTC,240,240,false,
1161115022,121,308,2017-02-25 04:30:55 UTC,241,240,true,
1161115022,121,308,2017-02-25 04:19:23 UTC,240,240,false,
1161115022,121,308,2017-02-25 04:31:31 UTC,241,240,true,
1161115022,121,308,2017-02-25 04:19:02 UTC,240,240,false,
1161115022,121,308,2017-02-25 04:31:27 UTC,241,240,true,
1161115022,121,308,2017-02-25 04:24:50 UTC,241,240,true,
1161115022,121,308,2017-02-25 04:25:19 UTC,240,240,false,
1161115022,121,308,2017-02-25 04:25:07 UTC,241,240,true,
1161115022,121,308,2017-02-25 04:24:56 UTC,240,240,false,
1161115022,121,308,2017-02-25 04:19:01 UTC,241,240,true,
1161115022,121,308,2017-02-25 04:25:04 UTC,240,240,false,
1161115022,121,308,2017-02-25 04:25:18 UTC,240,240,false,
1161115022,121,308,2017-02-25 04:25:19 UTC,241,240,true,
1161115022,121,308,2017-02-25 04:19:26 UTC,241,240,true,
1161115022,121,308,2017-02-25 04:21:44 UTC,240,240,false,
1161115022,121,308,2017-02-25 04:25:27 UTC,241,240,true,
1161115022,121,308,2017-02-25 04:31:30 UTC,240,240,false,
1161115022,121,308,2017-02-25 04:19:23 UTC,241,240,true,
1161115022,121,308,2017-02-25 04:25:03 UTC,241,240,true,
1161115022,121,308,2017-02-25 04:31:38 UTC,240,240,false,
1161115022,121,308,2017-02-25 04:31:20 UTC,240,240,false,
1161115022,121,308,2017-02-25 16:24:13 UTC,241,240,true,
1161115022,121,308,2017-02-25 16:15:52 UTC,241,240,true,
1161115022,121,308,2017-02-25 16:25:53 UTC,241,240,true,
1161115022,121,308,2017-02-25 16:26:23 UTC,241,240,true,
1161115022,121,308,2017-02-25 16:26:22 UTC,240,240,false,
1161115022,121,308,2017-02-25 16:06:22 UTC,240,240,false,
1161115022,121,308,2017-02-25 16:06:12 UTC,241,240,true,
1161115022,121,308,2017-02-25 16:16:08 UTC,241,240,true,
1161115022,121,308,2017-02-25 16:24:10 UTC,241,240,true,
1161115022,121,308,2017-02-25 16:16:14 UTC,240,240,false,
1161115022,121,308,2017-02-25 16:06:02 UTC,241,240,true,
1161115022,121,308,2017-02-25 16:15:53 UTC,240,240,false,
1161115022,121,308,2017-02-25 16:06:04 UTC,240,240,false,
1161115022,121,308,2017-02-25 16:26:26 UTC,240,240,false,
1161115022,121,308,2017-02-25 16:24:12 UTC,240,240,false,
1161115022,121,308,2017-02-25 16:24:14 UTC,240,240,false,
1161115022,121,308,2017-02-25 16:56:21 UTC,241,240,true,
1161115022,121,308,2017-02-25 16:31:46 UTC,241,240,true,
1161115022,121,308,2017-02-25 16:31:59 UTC,241,240,true,
1161115022,121,308,2017-02-25 17:03:15 UTC,241,240,true,
1161115022,121,308,2017-02-25 17:08:52 UTC,241,240,true,
1161115022,121,308,2017-02-25 16:40:49 UTC,240,240,false,
1161115022,121,308,2017-02-25 17:08:28 UTC,241,240,true,
1161115022,121,308,2017-02-25 17:08:10 UTC,241,240,true,
1161115022,121,308,2017-02-25 17:11:02 UTC,240,240,false,
1161115022,121,308,2017-02-25 16:38:03 UTC,241,240,true,
1161115022,121,308,2017-02-25 16:28:38 UTC,240,240,false,
1161115022,121,308,2017-02-25 17:06:15 UTC,240,240,false,
1161115022,121,308,2017-02-25 17:06:25 UTC,240,240,false,
1161115022,121,308,2017-02-25 16:51:17 UTC,240,240,false,
1161115022,121,308,2017-02-25 16:56:06 UTC,241,240,true,
1161115022,121,308,2017-02-25 17:03:13 UTC,241,240,true,
1161115022,121,308,2017-02-25 16:53:40 UTC,241,240,true,
1161115022,121,308,2017-02-25 17:05:39 UTC,241,240,true,
1161115022,121,308,2017-02-25 16:52:26 UTC,240,240,false,
1161115022,121,308,2017-02-25 16:31:41 UTC,241,240,true,
1161115022,121,308,2017-02-25 16:56:22 UTC,240,240,false,
1161115022,121,308,2017-02-25 17:08:34 UTC,240,240,false,
1161115022,121,308,2017-02-25 16:52:24 UTC,241,240,true,
1161115022,121,308,2017-02-25 17:07:18 UTC,241,240,true,
1161115022,121,308,2017-02-25 16:50:05 UTC,241,240,true,
1161115022,121,308,2017-02-25 16:52:34 UTC,240,240,false,
1161115022,121,308,2017-02-25 16:28:40 UTC,240,240,false,
1161115022,121,308,2017-02-25 17:08:41 UTC,241,240,true,
1161115022,121,308,2017-02-25 17:06:10 UTC,240,240,false,
1161115022,121,308,2017-02-25 17:25:53 UTC,240,240,false,
1161115022,121,308,2017-02-25 17:08:29 UTC,240,240,false,
1161115022,121,308,2017-02-25 16:51:25 UTC,241,240,true,
1161115022,121,308,2017-02-25 16:32:26 UTC,240,240,false,
1161115022,121,308,2017-02-25 16:37:08 UTC,240,240,false,
1161115022,121,308,2017-02-25 17:08:36 UTC,241,240,true,
1161115022,121,308,2017-02-25 17:08:21 UTC,240,240,false,
1161115022,121,308,2017-02-25 17:12:10 UTC,240,240,false,
1161115022,121,308,2017-02-25 17:11:08 UTC,241,240,true,
1161115022,121,308,2017-02-25 16:52:31 UTC,241,240,true,
1161115022,121,308,2017-02-25 16:31:41 UTC,240,240,false,
1161115022,121,308,2017-02-25 16:55:52 UTC,241,240,true,
1161115022,121,308,2017-02-25 16:31:56 UTC,240,240,false,
1161115022,121,308,2017-02-25 17:13:52 UTC,240,240,false,
1161115022,121,308,2017-02-25 16:40:03 UTC,241,240,true,
1161115022,121,308,2017-02-25 17:08:14 UTC,240,240,false,
1161115022,121,308,2017-02-25 17:08:46 UTC,240,240,false,
1161115022,121,308,2017-02-25 16:55:50 UTC,240,240,false,
1161115022,121,308,2017-02-25 17:06:15 UTC,241,240,true,
1161115022,121,308,2017-02-25 17:03:17 UTC,241,240,true,
1161115022,121,308,2017-02-25 16:28:41 UTC,241,240,true,
1161115022,121,308,2017-02-25 17:26:03 UTC,240,240,false,
1161115022,121,308,2017-02-25 17:03:12 UTC,240,240,false,
1161115022,121,308,2017-02-25 16:56:05 UTC,240,240,false,
1161115022,121,308,2017-02-25 17:12:14 UTC,240,240,false,
1161115022,121,308,2017-02-25 17:03:14 UTC,240,240,false,
1161115022,121,308,2017-02-25 17:26:04 UTC,241,240,true,
1161115022,121,308,2017-02-25 17:10:56 UTC,241,240,true,
1161115022,121,308,2017-02-25 17:03:52 UTC,240,240,false,
1161115022,121,308,2017-02-25 16:56:20 UTC,240,240,false,
1161115022,121,308,2017-02-25 16:31:40 UTC,240,240,false,
1161115022,121,308,2017-02-25 16:56:53 UTC,241,240,true,
1161115022,121,308,2017-02-25 17:08:21 UTC,241,240,true,
1161115022,121,308,2017-02-25 16:55:50 UTC,241,240,true,
1161115022,121,308,2017-02-25 17:12:32 UTC,240,240,false,
1161115022,121,308,2017-02-25 17:10:55 UTC,240,240,false,
1161115022,121,308,2017-02-25 17:07:55 UTC,240,240,false,
1161115022,121,308,2017-02-25 17:03:17 UTC,240,240,false,
1161115022,121,308,2017-02-25 17:25:48 UTC,240,240,false,
1161115022,121,308,2017-02-25 17:12:11 UTC,241,240,true,
1161115022,121,308,2017-02-25 16:38:05 UTC,240,240,false,
1161115022,121,308,2017-02-25 17:08:36 UTC,240,240,false,
1161115022,121,308,2017-02-25 17:26:58 UTC,241,240,true,
1161115022,121,308,2017-02-25 17:25:50 UTC,241,240,true,
1161115022,121,308,2017-02-25 17:14:58 UTC,241,240,true,
1161115022,121,308,2017-02-25 16:48:54 UTC,240,240,false,
1161115022,121,308,2017-02-25 16:38:09 UTC,241,240,true,
1161115022,121,308,2017-02-25 16:33:07 UTC,241,240,true,
1161115022,121,308,2017-02-25 16:38:32 UTC,240,240,false,
1161115022,121,308,2017-02-25 17:08:01 UTC,241,240,true,
1161115022,121,308,2017-02-25 16:52:23 UTC,240,240,false,
1161115022,121,308,2017-02-25 17:12:38 UTC,241,240,true,
1161115022,121,308,2017-02-25 17:06:16 UTC,241,240,true,
1161115022,121,308,2017-02-25 16:54:37 UTC,240,240,false,
1161115022,121,308,2017-02-25 17:26:05 UTC,240,240,false,
1161115022,121,308,2017-02-25 16:28:00 UTC,241,240,true,
1161115022,121,308,2017-02-25 17:08:08 UTC,240,240,false,
1161115022,121,308,2017-02-25 17:13:54 UTC,241,240,true,
1161115022,121,308,2017-02-25 16:28:39 UTC,241,240,true,
1161115022,121,308,2017-02-25 17:12:16 UTC,241,240,true,
1161115022,121,308,2017-02-25 17:13:57 UTC,240,240,false,
1161115022,121,308,2017-02-25 16:31:39 UTC,241,240,true,
1161115022,121,308,2017-02-25 16:29:06 UTC,240,240,false,
1161115022,121,308,2017-02-25 16:41:35 UTC,241,240,true,
1161115022,121,308,2017-02-25 17:08:32 UTC,241,240,true,
1161115022,121,308,2017-02-25 17:26:02 UTC,241,240,true,
1161115022,121,308,2017-02-25 17:54:47 UTC,240,240,false,
1161115022,121,308,2017-02-25 17:44:35 UTC,240,240,false,
1161115022,121,308,2017-02-25 17:44:43 UTC,241,240,true,
1161115022,121,308,2017-02-25 17:55:11 UTC,240,240,false,
1161115022,121,308,2017-02-25 17:53:49 UTC,240,240,false,
1161115022,121,308,2017-02-25 17:44:13 UTC,240,240,false,
1161115022,121,308,2017-02-25 17:53:46 UTC,240,240,false,
1161115022,121,308,2017-02-25 17:44:01 UTC,241,240,true,
1161115022,121,308,2017-02-25 17:56:44 UTC,241,240,true,
1161115022,121,308,2017-02-25 17:54:44 UTC,241,240,true,
1161115022,121,308,2017-02-25 18:01:37 UTC,240,240,false,
1161115022,121,308,2017-02-25 17:58:12 UTC,240,240,false,
1161115022,121,308,2017-02-25 17:54:48 UTC,241,240,true,
1161115022,121,308,2017-02-25 17:54:35 UTC,241,240,true,
1161115022,121,308,2017-02-25 17:45:47 UTC,240,240,false,
1161115022,121,308,2017-02-25 17:29:18 UTC,241,240,true,
1161115022,121,308,2017-02-25 17:58:09 UTC,241,240,true,
1161115022,121,308,2017-02-25 17:47:39 UTC,241,240,true,
1161115022,121,308,2017-02-25 17:44:31 UTC,241,240,true,
1161115022,121,308,2017-02-25 17:46:52 UTC,241,240,true,
1161115022,121,308,2017-02-25 17:46:55 UTC,240,240,false,
1161115022,121,308,2017-02-25 17:46:57 UTC,240,240,false,
1161115022,121,308,2017-02-25 17:38:46 UTC,241,240,true,
1161115022,121,308,2017-02-25 17:41:06 UTC,241,240,true,
1161115022,121,308,2017-02-25 17:40:59 UTC,240,240,false,
1161115022,121,308,2017-02-25 17:38:37 UTC,241,240,true,
1161115022,121,308,2017-02-25 17:44:12 UTC,241,240,true,
1161115022,121,308,2017-02-25 17:29:37 UTC,240,240,false,
1161115022,121,308,2017-02-25 17:38:08 UTC,240,240,false,
1161115022,121,308,2017-02-25 17:29:40 UTC,240,240,false,
1161115022,121,308,2017-02-25 17:46:54 UTC,241,240,true,
1161115022,121,308,2017-02-25 17:44:02 UTC,240,240,false,
1161115022,121,308,2017-02-25 17:44:03 UTC,241,240,true,
1161115022,121,308,2017-02-25 17:27:45 UTC,240,240,false,
1161115022,121,308,2017-02-25 17:53:53 UTC,240,240,false,
1161115022,121,308,2017-02-25 17:53:47 UTC,241,240,true,
1161115022,121,308,2017-02-25 17:38:42 UTC,240,240,false,
1161115022,121,308,2017-02-25 17:58:16 UTC,241,240,true,
1161115022,121,308,2017-02-25 17:46:56 UTC,241,240,true,
1161115022,121,308,2017-02-25 17:30:37 UTC,241,240,true,
1161115022,121,308,2017-02-25 17:46:52 UTC,240,240,false,
1161115022,121,308,2017-02-25 17:44:00 UTC,240,240,false,
1161115022,121,308,2017-02-25 17:29:39 UTC,241,240,true,
1161115022,121,308,2017-02-25 17:57:25 UTC,240,240,false,
1161115022,121,308,2017-02-25 17:44:11 UTC,240,240,false,
1161115022,121,308,2017-02-25 18:02:16 UTC,241,240,true,
1161115022,121,308,2017-02-25 17:44:34 UTC,241,240,true,
1161115022,121,308,2017-02-25 17:53:51 UTC,241,240,true,
1161115022,121,308,2017-02-25 17:47:06 UTC,240,240,false,
1161115022,121,308,2017-02-25 17:45:46 UTC,241,240,true,
1161115022,121,308,2017-02-25 17:54:42 UTC,240,240,false,
1161115022,121,308,2017-02-25 17:46:59 UTC,241,240,true,
1161115022,121,308,2017-02-25 17:44:33 UTC,240,240,false,
1161115022,121,308,2017-02-25 17:45:45 UTC,240,240,false,
1161115022,121,308,2017-02-25 18:54:35 UTC,241,240,true,
1161115022,121,308,2017-02-25 18:56:00 UTC,240,240,false,
1161115022,121,308,2017-02-25 18:47:48 UTC,241,240,true,
1161115022,121,308,2017-02-25 19:07:05 UTC,240,240,false,
1161115022,121,308,2017-02-25 19:07:41 UTC,241,240,true,
1161115022,121,308,2017-02-25 18:49:58 UTC,241,240,true,
1161115022,121,308,2017-02-25 18:48:43 UTC,241,240,true,
1161115022,121,308,2017-02-25 18:54:36 UTC,241,240,true,
1161115022,121,308,2017-02-25 18:54:28 UTC,241,240,true,
1161115022,121,308,2017-02-25 18:48:40 UTC,241,240,true,
1161115022,121,308,2017-02-25 18:48:01 UTC,241,240,true,
1161115022,121,308,2017-02-25 19:05:59 UTC,240,240,false,
1161115022,121,308,2017-02-25 18:51:33 UTC,240,240,false,
1161115022,121,308,2017-02-25 18:47:34 UTC,240,240,false,
1161115022,121,308,2017-02-25 19:05:56 UTC,241,240,true,
1161115022,121,308,2017-02-25 18:54:36 UTC,240,240,false,
1161115022,121,308,2017-02-25 18:48:27 UTC,240,240,false,
1161115022,121,308,2017-02-25 18:55:33 UTC,240,240,false,
1161115022,121,308,2017-02-25 18:54:33 UTC,240,240,false,
1161115022,121,308,2017-02-25 18:56:01 UTC,241,240,true,
1161115022,121,308,2017-02-25 19:06:18 UTC,241,240,true,
1161115022,121,308,2017-02-25 18:55:59 UTC,241,240,true,
1161115022,121,308,2017-02-25 19:05:53 UTC,240,240,false,
1161115022,121,308,2017-02-25 18:47:53 UTC,240,240,false,
1161115022,121,308,2017-02-25 18:48:42 UTC,240,240,false,
1161115022,121,308,2017-02-25 18:48:49 UTC,240,240,false,
1161115022,121,308,2017-02-25 20:10:09 UTC,241,240,true,
1161115022,121,308,2017-02-25 20:14:36 UTC,240,240,false,
1161115022,121,308,2017-02-25 20:04:46 UTC,240,240,false,
1161115022,121,308,2017-02-25 20:10:02 UTC,241,240,true,
1161115022,121,308,2017-02-25 20:25:34 UTC,240,240,false,
1161115022,121,308,2017-02-25 20:14:06 UTC,241,240,true,
1161115022,121,308,2017-02-25 20:06:20 UTC,241,240,true,
1161115022,121,308,2017-02-25 20:14:05 UTC,240,240,false,
1161115022,121,308,2017-02-25 20:25:31 UTC,241,240,true,
1161115022,121,308,2017-02-25 20:23:55 UTC,240,240,false,
1161115022,121,308,2017-02-25 20:25:35 UTC,241,240,true,
1161115022,121,308,2017-02-25 20:06:55 UTC,240,240,false,
1161115022,121,308,2017-02-25 20:14:10 UTC,241,240,true,
1161115022,121,308,2017-02-25 20:10:08 UTC,240,240,false,
1161115022,121,308,2017-02-25 20:14:07 UTC,240,240,false,
1161115022,121,308,2017-02-25 20:12:09 UTC,240,240,false,
1161115022,121,308,2017-02-25 20:26:25 UTC,241,240,true,
1161115022,121,308,2017-02-25 20:10:03 UTC,240,240,false,
1161115022,121,308,2017-02-25 20:14:11 UTC,240,240,false,
1161115022,121,308,2017-02-25 20:14:40 UTC,241,240,true,
1161115022,121,308,2017-02-25 20:14:20 UTC,241,240,true,
1161115022,121,308,2017-02-25 20:08:05 UTC,241,240,true,
1161115022,121,308,2017-02-25 20:10:05 UTC,241,240,true,
1161115022,121,308,2017-02-25 20:09:51 UTC,240,240,false,
1161115022,121,308,2017-02-25 20:12:20 UTC,241,240,true,
1161115022,121,308,2017-02-25 20:25:54 UTC,240,240,false,
1161115022,121,308,2017-02-25 20:57:40 UTC,241,240,true,
1161115022,121,308,2017-02-25 21:25:36 UTC,241,240,true,
1161115022,121,308,2017-02-25 21:31:17 UTC,240,240,false,
1161115022,121,308,2017-02-25 21:25:47 UTC,240,240,false,
1161115022,121,308,2017-02-25 21:29:46 UTC,240,240,false,
1161115022,121,308,2017-02-25 21:27:22 UTC,241,240,true,
1161115022,121,308,2017-02-25 21:31:22 UTC,241,240,true,
1161115022,121,308,2017-02-25 21:29:37 UTC,240,240,false,
1161115022,121,308,2017-02-25 21:29:30 UTC,241,240,true,
1161115022,121,308,2017-02-25 21:25:39 UTC,240,240,false,
1161115022,121,308,2017-02-25 21:25:46 UTC,241,240,true,
1161115022,121,308,2017-02-25 21:01:23 UTC,240,240,false,
1161115022,121,308,2017-02-25 21:25:27 UTC,241,240,true,
1161115022,121,308,2017-02-25 21:29:41 UTC,241,240,true,
1161115022,121,308,2017-02-25 21:07:20 UTC,240,240,false,
1161115022,121,308,2017-02-25 21:29:20 UTC,241,240,true,
1161115022,121,308,2017-02-25 20:35:46 UTC,241,240,true,
1161115022,121,308,2017-02-25 20:36:14 UTC,240,240,false,
1161115022,121,308,2017-02-25 21:31:02 UTC,241,240,true,
1161115022,121,308,2017-02-25 21:29:27 UTC,240,240,false,
1161115022,121,308,2017-02-25 21:01:07 UTC,241,240,true,
1161115022,121,308,2017-02-25 21:25:29 UTC,240,240,false,
1161115022,121,308,2017-02-25 21:07:17 UTC,241,240,true,
1161115022,121,308,2017-02-25 20:35:08 UTC,240,240,false,
1161115022,121,308,2017-02-25 21:27:59 UTC,240,240,false,
1161115022,121,308,2017-02-25 21:00:24 UTC,240,240,false,
1161115022,121,308,2017-02-25 21:31:21 UTC,240,240,false,
1161115022,121,308,2017-02-25 21:31:20 UTC,241,240,true,
1161115022,121,308,2017-02-25 22:07:37 UTC,241,240,true,
1161115022,121,308,2017-02-25 21:37:06 UTC,240,240,false,
1161115022,121,308,2017-02-25 21:41:25 UTC,241,240,true,
1161115022,121,308,2017-02-25 21:37:07 UTC,241,240,true,
1161115022,121,308,2017-02-25 21:37:10 UTC,241,240,true,
1161115022,121,308,2017-02-25 21:31:41 UTC,240,240,false,
1161115022,121,308,2017-02-25 21:43:23 UTC,241,240,true,
1161115022,121,308,2017-02-25 21:44:11 UTC,240,240,false,
1161115022,121,308,2017-02-25 21:45:37 UTC,241,240,true,
1161115022,121,308,2017-02-25 21:40:07 UTC,240,240,false,
1161115022,121,308,2017-02-25 21:46:08 UTC,240,240,false,
1161115022,121,308,2017-02-25 21:45:34 UTC,241,240,true,
1161115022,121,308,2017-02-25 21:36:20 UTC,241,240,true,
1161115022,121,308,2017-02-25 21:36:23 UTC,240,240,false,
1161115022,121,308,2017-02-25 21:45:22 UTC,241,240,true,
1161115022,121,308,2017-02-25 21:41:27 UTC,241,240,true,
1161115022,121,308,2017-02-25 21:37:08 UTC,240,240,false,
1161115022,121,308,2017-02-25 21:39:49 UTC,241,240,true,
1161115022,121,308,2017-02-25 21:45:33 UTC,240,240,false,
1161115022,121,308,2017-02-25 21:36:20 UTC,240,240,false,
1161115022,121,308,2017-02-25 21:49:45 UTC,241,240,true,
1161115022,121,308,2017-02-25 21:45:25 UTC,241,240,true,
1161115022,121,308,2017-02-25 21:41:26 UTC,240,240,false,
1161115022,121,308,2017-02-25 21:45:28 UTC,240,240,false,
1161115022,121,308,2017-02-25 21:49:54 UTC,240,240,false,
1161115022,121,308,2017-02-25 21:41:47 UTC,240,240,false,
1161115022,121,308,2017-02-25 21:45:29 UTC,241,240,true,
1161115022,121,308,2017-02-25 21:38:05 UTC,240,240,false,
1161115022,121,308,2017-02-25 21:35:24 UTC,241,240,true,
1161115022,121,308,2017-02-25 21:45:35 UTC,240,240,false,
1161115022,121,308,2017-02-25 22:08:14 UTC,240,240,false,
1161115022,121,308,2017-02-25 21:45:23 UTC,240,240,false,
1161115022,121,308,2017-02-25 21:36:24 UTC,241,240,true,
1161115022,121,308,2017-02-26 04:30:06 UTC,240,240,false,
1161115022,121,308,2017-02-26 04:33:39 UTC,240,240,false,
1161115022,121,308,2017-02-26 04:30:14 UTC,240,240,false,
1161115022,121,308,2017-02-26 04:30:02 UTC,240,240,false,
1161115022,121,308,2017-02-26 04:33:41 UTC,241,240,true,
1161115022,121,308,2017-02-26 04:33:58 UTC,240,240,false,
1161115022,121,308,2017-02-26 04:30:04 UTC,241,240,true,
1161115022,121,308,2017-02-26 04:30:13 UTC,241,240,true,
1161115022,121,308,2017-02-26 04:33:32 UTC,241,240,true,
1161115022,121,308,2017-02-26 04:33:43 UTC,240,240,false,
1161115022,121,308,2017-02-26 04:33:44 UTC,241,240,true,
1161115022,121,308,2017-02-26 04:29:26 UTC,241,240,true,
1161115022,121,308,2017-02-26 14:25:03 UTC,241,240,true,
1161115022,121,308,2017-02-26 14:24:50 UTC,240,240,false,
1161115022,121,308,2017-02-26 14:36:48 UTC,240,240,false,
1161115022,121,308,2017-02-26 14:25:52 UTC,240,240,false,
1161115022,121,308,2017-02-26 14:24:59 UTC,241,240,true,
1161115022,121,308,2017-02-26 14:23:46 UTC,241,240,true,
1161115022,121,308,2017-02-26 14:25:01 UTC,240,240,false,
1161115022,121,308,2017-02-26 14:36:27 UTC,241,240,true,
1161115022,121,308,2017-02-26 14:25:00 UTC,241,240,true,
1161115022,121,308,2017-02-26 14:24:48 UTC,240,240,false,
1161115022,121,308,2017-02-26 14:36:12 UTC,241,240,true,
1161115022,121,308,2017-02-26 14:33:38 UTC,240,240,false,
1161115022,121,308,2017-02-26 14:32:28 UTC,241,240,true,
1161115022,121,308,2017-02-26 14:33:39 UTC,241,240,true,
1161115022,121,308,2017-02-26 14:23:11 UTC,241,240,true,
1161115022,121,308,2017-02-26 14:23:42 UTC,240,240,false,
1161115022,121,308,2017-02-26 14:24:50 UTC,241,240,true,
1161115022,121,308,2017-02-26 14:24:49 UTC,241,240,true,
1161115022,121,308,2017-02-26 14:36:17 UTC,240,240,false,
1161115022,121,308,2017-02-26 14:24:51 UTC,240,240,false,
1161115022,121,308,2017-02-26 14:36:11 UTC,240,240,false,
1161115022,121,308,2017-02-26 14:23:50 UTC,240,240,false,
1161115022,121,308,2017-02-26 14:24:02 UTC,241,240,true,
1161115022,121,308,2017-02-26 14:25:00 UTC,240,240,false,
1161115022,121,308,2017-02-26 18:31:01 UTC,240,240,false,
1161115022,121,308,2017-02-26 18:30:52 UTC,241,240,true,
1161115022,121,308,2017-02-26 18:31:00 UTC,241,240,true,
1161115022,121,308,2017-02-26 18:30:55 UTC,240,240,false,
1161115022,121,308,2017-02-26 18:30:54 UTC,241,240,true,
1161115022,121,308,2017-02-26 18:31:01 UTC,241,240,true,
1161115022,121,308,2017-02-26 18:30:59 UTC,240,240,false,
1161115022,121,308,2017-02-26 18:31:07 UTC,240,240,false,
1161115022,121,308,2017-02-26 18:30:56 UTC,241,240,true,
1161115022,121,308,2017-02-26 18:30:53 UTC,240,240,false,
1161115022,153,319,2017-02-27 00:20:09 UTC,999990,1,false,
1161115022,152,317,2017-02-27 00:20:11 UTC,999990,0,false,
1161115022,152,317,2017-02-27 00:19:52 UTC,999991,0,true,
1161115022,153,319,2017-02-27 00:19:55 UTC,999991,1,true,
